voxelX,voxelY,voxelZ,VCluster
42,18,30,1
47,16,27,1
50,18,27,1
47,18,27,1
49,18,27,1
49,18,28,1
49,16,30,1
49,16,27,1
50,18,30,1
50,18,28,1
52,19,31,1
49,16,28,1
50,16,26,1
52,16,33,1
49,15,30,1
50,16,30,1
52,19,28,1
52,19,30,1
52,18,31,1
50,16,27,1
52,18,26,1
50,16,28,1
52,18,27,1
53,19,31,1
52,18,28,1
50,15,30,1
52,16,31,1
53,18,33,1
53,16,33,1
52,16,26,1
52,18,30,1
53,18,31,1
53,19,30,1
52,15,31,1
53,18,30,1
53,18,28,1
52,16,30,1
52,16,28,1
52,15,28,1
53,16,31,1
52,15,30,1
53,15,31,1
53,16,27,1
53,16,30,1
53,16,28,1
55,16,33,1
55,18,31,1
55,18,30,1
55,16,28,1
53,15,28,1
55,16,31,1
53,15,30,1
55,16,30,1
56,34,26,2
56,30,26,2
56,28,26,2
56,30,27,2
56,31,26,2
56,28,27,2
56,33,27,2
56,31,27,2
56,31,28,2
56,34,27,2
56,33,28,2
58,28,26,2
58,28,27,2
56,36,27,2
58,30,26,2
58,33,26,2
58,34,26,2
58,31,26,2
58,36,26,2
58,33,27,2
58,30,27,2
58,34,27,2
58,31,27,2
59,28,26,2
58,30,28,2
61,28,26,2
59,30,26,2
59,31,26,2
58,33,28,2
59,28,27,2
59,31,27,2
61,28,27,2
58,31,28,2
58,36,27,2
59,34,28,2
59,33,30,2
59,33,26,2
61,34,28,2
59,31,30,2
61,33,30,2
59,31,28,2
59,30,27,2
59,36,28,2
61,33,28,2
59,30,30,2
61,30,26,2
59,30,28,2
59,36,26,2
59,34,26,2
59,33,27,2
64,33,27,2
61,31,28,2
64,31,26,2
61,31,30,2
62,33,28,2
59,33,28,2
64,33,26,2
61,33,27,2
61,30,28,2
62,33,27,2
62,31,26,2
62,30,26,2
61,30,27,2
59,36,27,2
62,31,28,2
61,31,27,2
61,31,26,2
62,33,26,2
61,34,26,2
62,30,27,2
61,34,27,2
61,33,26,2
59,34,27,2
64,31,27,2
62,31,27,2
62,34,27,2
62,34,26,2
33,71,31,3
29,60,27,3
33,69,31,3
27,63,22,3
27,55,30,3
29,55,31,3
30,61,28,3
26,55,25,3
33,68,31,3
27,55,28,3
29,65,19,3
29,65,18,3
29,63,27,3
27,57,28,3
30,66,18,3
29,63,28,3
29,65,27,3
29,58,31,3
27,65,25,3
29,61,27,3
23,54,25,3
29,58,28,3
29,63,19,3
29,55,30,3
27,58,22,3
26,57,24,3
24,54,25,3
24,55,25,3
29,61,30,3
29,57,31,3
24,55,24,3
27,54,25,3
27,61,21,3
24,57,24,3
27,60,22,3
29,61,19,3
27,61,22,3
26,61,21,3
26,61,22,3
26,58,22,3
29,58,30,3
26,54,25,3
26,60,22,3
27,60,21,3
27,55,24,3
29,57,30,3
26,55,24,3
29,60,30,3
29,61,28,3
29,60,28,3
33,28,28,4
33,28,27,4
33,27,27,4
33,30,27,4
33,27,26,4
32,27,26,4
33,28,26,4
32,28,26,4
33,30,26,4
32,28,27,4
30,25,26,4
30,28,26,4
30,24,26,4
32,25,27,4
32,28,28,4
32,25,26,4
32,27,28,4
30,25,27,4
32,27,27,4
32,30,26,4
24,25,26,4
29,22,26,4
30,27,26,4
30,28,27,4
32,30,27,4
30,24,27,4
29,24,26,4
30,30,26,4
24,27,26,4
29,28,31,4
29,25,26,4
30,30,27,4
30,25,28,4
30,27,30,4
27,24,26,4
30,27,27,4
26,25,26,4
29,24,27,4
29,30,26,4
29,25,27,4
27,25,26,4
29,22,27,4
24,28,26,4
29,27,26,4
26,27,26,4
29,27,30,4
27,24,27,4
29,28,26,4
30,27,28,4
30,28,28,4
27,27,26,4
29,30,27,4
26,25,27,4
29,28,30,4
27,28,31,4
30,28,30,4
29,25,28,4
30,30,28,4
27,28,26,4
29,28,27,4
27,25,27,4
26,28,26,4
29,27,27,4
27,30,26,4
27,31,26,4
30,31,26,4
26,27,27,4
29,31,26,4
29,27,28,4
27,27,30,4
24,27,27,4
29,30,30,4
27,28,30,4
29,31,30,4
26,30,26,4
29,31,27,4
27,27,27,4
29,28,28,4
27,33,26,4
24,28,27,4
30,31,28,4
27,31,27,4
30,31,27,4
29,33,26,4
27,30,30,4
27,30,27,4
26,30,27,4
27,25,28,4
26,28,27,4
29,30,28,4
27,28,27,4
26,28,30,4
29,31,28,4
29,33,27,4
27,33,27,4
27,27,28,4
29,33,28,4
27,28,28,4
26,27,28,4
27,30,28,4
26,28,28,4
56,18,50,5
56,16,48,5
56,19,50,5
56,18,48,5
56,19,51,5
56,18,47,5
56,18,45,5
56,19,48,5
56,21,45,5
56,19,47,5
62,19,48,5
61,19,50,5
59,19,51,5
56,21,47,5
58,19,51,5
56,21,48,5
56,21,50,5
61,21,50,5
56,19,45,5
61,19,48,5
58,18,50,5
61,21,48,5
59,18,50,5
56,22,47,5
58,16,47,5
59,19,50,5
58,21,50,5
64,19,47,5
58,19,50,5
61,21,47,5
59,18,48,5
59,21,50,5
61,18,47,5
56,22,48,5
58,21,48,5
58,18,48,5
62,19,47,5
59,21,48,5
59,21,47,5
58,21,47,5
59,19,48,5
61,19,47,5
59,18,45,5
59,18,47,5
61,18,45,5
62,18,45,5
58,19,48,5
58,21,44,5
58,21,45,5
58,18,47,5
58,22,47,5
59,19,47,5
59,19,44,5
58,18,45,5
59,19,45,5
61,19,45,5
58,22,48,5
58,19,44,5
58,19,47,5
58,19,45,5
59,40,33,6
61,39,33,6
59,40,31,6
62,40,31,6
61,40,31,6
61,42,30,6
59,42,30,6
61,39,31,6
56,39,28,6
59,40,30,6
58,40,30,6
61,40,30,6
65,40,26,6
62,39,30,6
56,37,27,6
59,39,30,6
65,39,26,6
58,37,26,6
67,40,27,6
67,39,26,6
56,39,27,6
61,39,30,6
58,39,26,6
59,42,28,6
62,40,30,6
65,37,26,6
64,39,26,6
62,40,28,6
65,40,27,6
58,40,28,6
59,40,28,6
64,40,26,6
67,39,27,6
61,42,28,6
58,37,27,6
61,37,30,6
59,39,28,6
61,43,27,6
62,39,28,6
59,39,26,6
58,39,27,6
59,42,27,6
58,40,27,6
62,42,27,6
58,39,28,6
59,37,28,6
64,40,27,6
59,37,26,6
62,42,26,6
61,40,28,6
59,39,27,6
62,37,28,6
61,39,28,6
61,36,28,6
62,40,27,6
65,39,27,6
64,39,27,6
61,37,28,6
59,40,26,6
65,37,27,6
62,37,27,6
59,37,27,6
64,37,26,6
64,37,27,6
62,39,26,6
62,40,26,6
61,36,27,6
61,37,27,6
62,39,27,6
61,39,27,6
61,42,27,6
59,40,27,6
62,37,26,6
62,36,27,6
61,42,26,6
61,39,26,6
61,40,27,6
61,36,26,6
61,40,26,6
61,37,26,6
62,36,26,6
24,52,25,7
29,45,31,7
27,54,30,7
26,49,28,7
33,48,27,7
30,48,28,7
27,51,31,7
29,46,30,7
27,52,27,7
29,51,27,7
26,48,28,7
26,46,28,7
30,45,30,7
32,48,27,7
30,49,27,7
26,46,27,7
32,46,28,7
29,45,30,7
27,48,28,7
29,48,28,7
30,46,28,7
26,48,27,7
26,51,27,7
27,51,27,7
29,52,25,7
27,46,28,7
29,49,27,7
26,48,24,7
26,49,27,7
29,46,28,7
27,48,22,7
32,46,27,7
27,49,27,7
29,48,21,7
26,48,25,7
26,46,25,7
29,45,28,7
29,51,25,7
30,45,28,7
27,48,24,7
30,48,27,7
27,48,27,7
30,46,27,7
27,46,27,7
29,45,27,7
29,48,22,7
29,48,24,7
29,46,27,7
29,48,27,7
30,45,27,7
27,46,24,7
29,49,25,7
27,46,25,7
27,51,25,7
29,45,25,7
29,46,25,7
27,48,25,7
29,46,22,7
27,49,25,7
29,46,24,7
29,48,25,7
30,48,25,7
30,46,25,7
38,16,36,8
39,13,38,8
39,16,34,8
36,16,38,8
36,18,36,8
38,16,34,8
38,15,36,8
35,21,38,8
38,13,38,8
33,22,38,8
36,16,36,8
36,15,38,8
36,16,34,8
35,19,38,8
33,21,38,8
35,18,38,8
36,13,38,8
35,18,36,8
33,19,38,8
35,15,38,8
32,15,38,8
35,16,38,8
33,15,38,8
33,15,36,8
35,15,34,8
33,18,38,8
35,15,36,8
32,16,38,8
32,19,38,8
33,16,38,8
35,16,36,8
35,16,34,8
32,18,38,8
30,18,38,8
33,16,36,8
33,18,36,8
32,18,36,8
38,13,39,8
35,16,41,8
36,15,39,8
35,21,39,8
36,13,39,8
35,15,41,8
35,16,39,8
35,15,39,8
35,19,39,8
35,18,39,8
33,16,39,8
33,15,39,8
32,16,39,8
58,24,33,9
61,25,34,9
61,24,38,9
61,27,34,9
61,24,36,9
58,22,33,9
62,25,34,9
59,22,34,9
61,24,33,9
59,22,33,9
61,27,33,9
61,24,34,9
59,22,36,9
58,22,31,9
62,24,36,9
62,24,34,9
61,25,33,9
61,22,36,9
59,22,38,9
61,22,38,9
62,24,33,9
61,22,31,9
59,22,31,9
62,22,36,9
62,22,33,9
61,24,31,9
61,22,33,9
61,22,34,9
62,22,34,9
61,21,33,9
62,22,31,9
64,22,36,9
62,25,33,9
59,21,33,9
61,21,34,9
61,22,30,9
64,22,34,9
64,22,33,9
64,21,34,9
62,21,34,9
59,19,33,9
62,21,33,9
64,21,33,9
62,24,31,9
61,21,31,9
61,21,36,9
61,19,31,9
61,18,33,9
64,19,33,9
61,18,31,9
61,19,33,9
62,19,33,9
64,22,31,9
59,19,31,9
61,19,34,9
59,18,33,9
59,21,31,9
65,19,36,10
65,21,36,10
65,19,38,10
65,19,34,10
64,21,36,10
62,16,34,10
64,18,36,10
62,21,36,10
62,16,36,10
61,15,34,10
64,19,38,10
64,18,34,10
64,19,36,10
62,19,38,10
64,18,38,10
62,19,36,10
62,18,36,10
62,16,33,10
64,18,33,10
62,16,38,10
62,18,38,10
61,16,33,10
64,19,34,10
62,18,34,10
62,19,34,10
61,19,38,10
62,16,31,10
62,18,33,10
61,19,36,10
61,18,34,10
61,16,34,10
62,18,31,10
59,19,38,10
61,18,38,10
61,18,36,10
61,16,38,10
59,18,36,10
61,16,36,10
59,16,36,10
59,16,34,10
59,18,38,10
64,18,39,10
62,18,39,10
61,18,39,10
32,22,38,11
33,22,42,11
32,24,41,11
32,25,42,11
30,25,41,11
33,24,44,11
33,22,44,11
33,22,45,11
32,24,42,11
29,25,41,11
32,25,44,11
30,25,42,11
29,27,42,11
29,24,41,11
32,22,42,11
30,27,44,11
32,24,44,11
32,21,44,11
32,22,41,11
30,24,42,11
32,21,45,11
30,24,41,11
29,25,42,11
27,22,41,11
29,24,42,11
30,25,44,11
32,21,42,11
32,22,44,11
27,22,42,11
32,21,41,11
30,24,44,11
30,22,42,11
29,22,41,11
29,22,42,11
30,21,44,11
32,22,45,11
30,22,41,11
30,22,44,11
30,21,45,11
30,21,42,11
29,19,45,11
29,21,45,11
30,19,45,11
30,19,44,11
29,21,44,11
27,21,42,11
29,21,42,11
29,19,41,11
29,21,41,11
30,22,45,11
29,22,44,11
29,19,44,11
27,19,42,11
30,19,42,11
30,21,41,11
29,22,45,11
29,19,42,11
30,19,41,11
32,24,41,11
30,25,41,11
30,24,39,11
29,25,41,11
29,24,41,11
32,22,39,11
32,22,41,11
30,24,41,11
27,22,41,11
30,22,39,11
32,21,41,11
32,21,39,11
29,22,41,11
30,22,41,11
29,19,41,11
29,21,41,11
30,21,39,11
30,21,41,11
30,19,39,11
30,19,41,11
65,39,33,12
67,40,31,12
62,37,33,12
64,34,36,12
64,37,33,12
62,34,34,12
65,40,31,12
64,39,31,12
64,33,36,12
62,33,34,12
62,36,33,12
64,40,31,12
62,39,31,12
62,37,31,12
65,37,33,12
65,39,31,12
64,36,34,12
64,36,33,12
61,33,33,12
65,36,33,12
64,37,31,12
64,39,30,12
65,39,30,12
65,37,31,12
64,33,34,12
67,36,31,12
67,39,31,12
65,34,33,12
62,34,33,12
67,34,31,12
67,37,31,12
62,33,33,12
65,36,31,12
64,34,34,12
64,37,30,12
62,37,30,12
65,37,30,12
64,36,31,12
62,36,31,12
64,34,33,12
65,34,31,12
64,33,31,12
65,33,33,12
65,36,30,12
64,31,33,12
64,34,31,12
64,31,31,12
64,33,33,12
62,34,31,12
64,37,28,12
65,33,31,12
67,33,31,12
65,33,30,12
64,36,30,12
65,31,31,12
64,34,30,12
65,34,30,12
61,33,31,12
64,33,30,12
64,36,28,12
62,33,31,12
62,36,30,12
64,34,28,12
64,36,27,12
64,36,26,12
64,33,28,12
64,31,30,12
62,34,28,12
62,34,30,12
62,36,28,12
62,33,30,12
64,34,27,12
64,34,26,12
56,25,28,13
56,28,30,13
56,28,28,13
56,25,30,13
58,25,33,13
56,25,27,13
56,24,28,13
58,24,30,13
58,24,31,13
56,24,31,13
56,27,27,13
58,24,28,13
56,25,26,13
56,27,26,13
58,27,26,13
56,24,30,13
58,27,33,13
58,25,30,13
58,25,31,13
58,27,27,13
58,27,28,13
58,27,30,13
59,24,31,13
58,25,28,13
59,25,30,13
58,22,28,13
58,24,27,13
58,27,31,13
59,24,30,13
59,25,31,13
58,25,26,13
58,28,28,13
59,27,31,13
58,25,27,13
58,24,26,13
58,22,30,13
61,27,26,13
59,27,30,13
59,24,28,13
61,25,26,13
59,27,26,13
61,24,26,13
58,28,30,13
59,22,28,13
59,22,26,13
59,25,28,13
59,25,26,13
61,24,27,13
59,27,27,13
59,27,28,13
59,22,30,13
59,24,26,13
59,24,27,13
61,25,31,13
59,22,27,13
61,25,27,13
62,25,26,13
61,27,27,13
59,28,28,13
59,28,30,13
61,24,28,13
59,25,27,13
61,27,30,13
61,24,30,13
61,25,30,13
64,25,26,13
62,27,26,13
62,27,27,13
62,25,27,13
61,25,28,13
61,27,28,13
62,25,28,13
62,25,30,13
64,25,27,13
64,25,30,13
27,22,26,14
26,22,26,14
26,24,26,14
29,21,27,14
27,22,27,14
24,24,27,14
26,24,27,14
26,21,28,14
24,22,28,14
23,22,31,14
27,21,28,14
26,22,28,14
29,21,28,14
29,19,28,14
27,22,28,14
27,24,28,14
24,24,30,14
26,24,33,14
23,24,28,14
24,24,28,14
23,24,33,14
26,19,31,14
21,25,30,14
24,24,33,14
24,24,31,14
24,21,31,14
23,24,31,14
24,25,31,14
24,21,33,14
27,19,31,14
26,19,33,14
27,19,30,14
23,24,30,14
26,24,28,14
27,25,30,14
27,24,31,14
29,24,30,14
27,24,30,14
24,22,33,14
29,21,30,14
26,24,31,14
23,25,31,14
29,22,30,14
26,25,28,14
29,22,28,14
24,25,30,14
26,27,30,14
26,22,33,14
26,25,31,14
26,25,30,14
27,22,31,14
27,22,30,14
24,22,30,14
23,25,30,14
29,19,30,14
27,21,31,14
27,21,30,14
24,22,31,14
30,21,30,14
24,25,28,14
26,21,30,14
26,21,33,14
26,22,30,14
24,27,30,14
26,21,31,14
26,24,30,14
26,22,31,14
52,24,60,15
53,24,59,15
50,25,62,15
53,27,56,15
59,28,62,15
55,31,65,15
53,31,60,15
53,27,57,15
59,28,63,15
53,30,65,15
58,27,60,15
53,33,62,15
53,25,59,15
53,24,60,15
52,28,59,15
55,31,63,15
56,25,60,15
52,30,59,15
56,25,59,15
59,28,60,15
52,25,62,15
56,24,59,15
53,34,62,15
52,28,65,15
56,25,62,15
50,28,62,15
52,28,60,15
59,28,57,15
59,28,59,15
55,30,65,15
52,27,60,15
50,28,63,15
52,28,63,15
53,33,60,15
55,33,63,15
53,30,63,15
53,25,60,15
52,30,60,15
55,27,56,15
55,24,57,15
55,27,57,15
52,27,62,15
55,25,59,15
55,25,57,15
56,30,65,15
55,24,59,15
55,25,62,15
55,25,60,15
50,27,63,15
53,34,60,15
53,27,59,15
50,27,62,15
53,25,62,15
53,28,57,15
52,28,62,15
56,27,57,15
58,27,59,15
53,31,59,15
56,27,63,15
58,28,63,15
53,31,57,15
56,27,62,15
55,31,62,15
55,28,56,15
53,30,62,15
53,33,59,15
56,27,60,15
58,28,62,15
53,30,57,15
56,27,59,15
59,30,62,15
55,24,60,15
53,27,60,15
55,31,60,15
55,34,62,15
55,27,62,15
58,28,60,15
56,31,63,15
53,28,63,15
55,33,62,15
55,27,60,15
55,27,59,15
55,30,63,15
53,30,60,15
53,27,62,15
59,30,63,15
53,28,59,15
53,30,59,15
58,28,57,15
55,33,59,15
58,28,59,15
55,28,57,15
56,30,63,15
56,33,62,15
59,30,60,15
53,28,60,15
58,30,63,15
55,31,59,15
56,31,62,15
55,28,63,15
55,31,57,15
55,30,57,15
55,28,59,15
55,34,60,15
58,30,59,15
55,30,62,15
55,30,59,15
55,33,60,15
55,30,60,15
56,28,57,15
58,31,60,15
55,28,60,15
55,28,62,15
53,28,62,15
56,28,63,15
56,30,62,15
58,30,60,15
56,33,60,15
58,30,62,15
56,31,59,15
56,28,62,15
56,30,59,15
56,31,60,15
56,28,59,15
56,28,60,15
56,30,60,15
58,31,62,15
56,25,44,16
56,24,44,16
59,25,41,16
56,22,45,16
62,24,47,16
59,25,42,16
61,24,48,16
61,22,48,16
56,25,45,16
58,25,44,16
55,24,48,16
62,24,45,16
56,24,45,16
58,24,42,16
61,22,47,16
58,24,44,16
61,24,47,16
62,22,47,16
61,25,44,16
61,24,45,16
59,24,42,16
58,24,41,16
59,25,44,16
59,24,41,16
61,25,45,16
58,22,44,16
58,22,45,16
59,24,44,16
56,24,47,16
59,25,45,16
59,22,42,16
59,22,48,16
59,24,45,16
61,24,44,16
61,22,45,16
59,22,44,16
59,24,47,16
59,22,50,16
59,22,47,16
62,22,45,16
58,25,45,16
58,24,45,16
61,22,44,16
59,24,50,16
61,21,45,16
59,24,48,16
59,22,45,16
56,24,48,16
59,21,44,16
59,21,45,16
58,24,47,16
58,24,48,16
59,25,41,16
58,24,39,16
59,24,39,16
58,24,41,16
59,24,41,16
32,52,24,17
32,51,25,17
30,52,25,17
29,54,24,17
35,49,24,17
35,49,25,17
30,52,24,17
33,51,22,17
33,49,25,17
33,49,22,17
33,51,24,17
32,49,25,17
30,46,21,17
30,51,22,17
30,48,21,17
27,49,24,17
29,52,24,17
33,49,24,17
30,51,24,17
30,51,25,17
32,51,22,17
29,49,22,17
32,51,24,17
32,48,22,17
30,49,22,17
32,49,24,17
29,51,24,17
32,48,25,17
30,46,22,17
29,49,24,17
30,48,22,17
30,49,25,17
30,49,24,17
32,48,24,17
30,48,24,17
30,46,24,17
15,36,34,18
17,31,36,18
15,34,34,18
17,34,34,18
17,36,34,18
17,39,31,18
15,36,33,18
17,36,30,18
17,39,33,18
17,37,34,18
18,37,36,18
17,37,31,18
15,36,31,18
18,36,36,18
18,34,34,18
17,34,30,18
17,34,31,18
15,37,33,18
18,37,31,18
17,36,33,18
17,34,33,18
17,33,30,18
18,39,34,18
17,33,34,18
17,36,31,18
18,36,31,18
18,36,33,18
18,39,33,18
18,34,33,18
18,36,34,18
18,34,31,18
18,37,33,18
20,37,36,18
18,33,31,18
18,33,33,18
18,37,34,18
17,37,33,18
20,36,34,18
20,37,34,18
20,36,36,18
18,31,31,18
55,13,42,19
55,15,41,19
55,13,41,19
56,16,44,19
55,16,41,19
56,15,42,19
58,15,44,19
56,13,41,19
56,16,42,19
59,16,45,19
56,15,41,19
58,16,45,19
58,15,42,19
56,16,41,19
59,18,44,19
59,16,44,19
58,16,44,19
61,18,44,19
58,18,44,19
58,16,41,19
58,15,41,19
58,16,42,19
61,18,42,19
58,18,42,19
61,16,42,19
59,18,42,19
58,18,41,19
59,16,42,19
61,18,41,19
59,18,41,19
59,16,41,19
61,16,41,19
55,16,41,19
56,16,41,19
58,16,39,19
58,16,41,19
58,15,41,19
58,18,41,19
58,18,39,19
59,18,41,19
59,16,39,19
59,16,41,19
61,16,41,19
61,16,39,19
59,18,39,19
58,45,53,20
56,42,54,20
56,42,56,20
58,42,53,20
62,43,53,20
58,45,56,20
59,45,57,20
59,37,54,20
59,40,53,20
61,43,59,20
61,37,56,20
58,45,54,20
59,42,53,20
62,37,56,20
62,43,59,20
59,45,56,20
58,43,54,20
59,46,57,20
59,43,54,20
61,46,57,20
64,42,54,20
67,42,56,20
58,42,54,20
59,46,56,20
61,39,54,20
59,39,54,20
61,40,53,20
62,42,53,20
62,39,54,20
61,42,53,20
61,46,56,20
61,43,54,20
61,42,60,20
58,42,56,20
61,42,59,20
64,40,54,20
61,43,57,20
62,42,59,20
64,39,54,20
65,42,56,20
62,43,57,20
61,45,57,20
64,39,56,20
62,43,54,20
62,39,56,20
64,42,57,20
59,42,54,20
61,45,54,20
58,43,56,20
64,42,56,20
59,40,54,20
62,43,56,20
62,40,54,20
62,39,57,20
62,45,57,20
61,42,57,20
62,42,57,20
64,43,57,20
61,43,56,20
62,42,54,20
59,39,56,20
61,42,54,20
59,43,56,20
61,40,54,20
62,40,57,20
62,42,56,20
64,40,56,20
59,43,57,20
61,39,56,20
59,42,57,20
62,40,56,20
64,43,56,20
61,45,56,20
62,45,56,20
61,40,57,20
61,42,56,20
61,40,56,20
61,39,57,20
59,40,56,20
59,42,56,20
23,39,62,21
23,37,62,21
23,39,60,21
24,39,60,21
24,40,62,21
27,42,62,21
26,34,60,21
27,31,60,21
26,40,63,21
26,39,59,21
27,34,57,21
26,36,57,21
26,39,63,21
24,37,62,21
27,33,59,21
24,37,60,21
26,42,62,21
27,33,60,21
27,40,63,21
24,37,63,21
26,40,62,21
26,39,62,21
24,40,60,21
27,37,56,21
27,37,57,21
33,37,60,21
24,36,62,21
26,37,59,21
26,40,60,21
29,42,60,21
27,34,59,21
26,39,60,21
26,36,59,21
26,42,60,21
33,36,60,21
27,42,60,21
27,40,62,21
26,40,59,21
27,39,63,21
27,36,56,21
26,37,60,21
27,39,62,21
27,36,57,21
27,42,59,21
27,39,59,21
27,40,60,21
26,37,62,21
29,40,62,21
26,36,60,21
27,37,59,21
27,39,60,21
27,40,59,21
27,36,59,21
32,37,62,21
26,36,62,21
27,34,60,21
29,34,59,21
26,37,63,21
29,40,60,21
32,37,60,21
27,37,62,21
27,37,60,21
30,37,60,21
32,36,60,21
29,37,59,21
29,36,59,21
29,33,60,21
27,36,62,21
27,37,63,21
29,36,60,21
29,39,62,21
29,39,60,21
29,37,60,21
29,36,62,21
29,37,62,21
30,36,60,21
27,36,60,21
29,34,60,21
20,33,38,22
18,31,38,22
18,33,36,22
21,37,38,22
20,36,38,22
20,34,38,22
20,31,38,22
21,36,38,22
21,34,38,22
24,34,38,22
23,34,38,22
20,34,36,22
20,33,36,22
21,34,36,22
21,33,38,22
24,33,38,22
21,31,38,22
21,33,36,22
23,33,38,22
21,34,41,22
24,33,41,22
21,33,41,22
26,33,41,22
21,34,41,22
24,33,41,22
21,33,41,22
18,31,39,22
24,31,39,22
21,36,39,22
26,33,41,22
21,34,39,22
18,30,39,22
23,36,39,22
23,31,39,22
21,30,39,22
26,33,39,22
20,31,39,22
20,30,39,22
21,31,39,22
23,34,39,22
24,34,39,22
24,33,39,22
23,33,39,22
21,33,39,22
29,24,54,23
29,34,53,23
27,31,59,23
29,33,51,23
27,31,56,23
30,34,51,23
27,31,57,23
30,33,50,23
30,36,53,23
27,30,57,23
29,34,54,23
29,36,54,23
29,25,54,23
29,37,54,23
29,31,51,23
30,33,51,23
29,33,53,23
30,36,54,23
30,34,53,23
29,34,57,23
29,34,56,23
29,30,56,23
29,27,54,23
29,33,57,23
29,33,59,23
29,30,51,23
29,31,59,23
29,31,60,23
29,27,56,23
29,28,56,23
29,31,53,23
29,33,54,23
30,33,53,23
29,33,56,23
29,31,54,23
30,34,54,23
29,28,57,23
29,31,56,23
29,28,59,23
29,28,54,23
29,36,56,23
29,30,54,23
30,31,51,23
29,30,57,23
30,33,54,23
29,31,57,23
30,31,59,23
29,30,59,23
29,30,53,23
30,30,56,23
30,31,57,23
30,31,56,23
30,31,54,23
30,31,53,23
30,30,57,23
32,31,54,23
30,30,54,23
42,21,28,24
42,19,28,24
42,27,28,24
41,22,26,24
44,28,30,24
44,27,28,24
41,24,26,24
44,28,26,24
42,24,26,24
42,25,27,24
39,28,26,24
44,22,26,24
44,25,27,24
39,24,26,24
44,25,27,24
44,24,26,24
39,27,26,24
44,24,26,24
44,28,27,24
44,27,28,24
41,25,26,24
42,28,27,24
44,27,26,24
44,28,28,24
41,27,27,24
44,28,26,24
42,27,27,24
44,25,26,24
44,28,28,24
41,28,27,24
44,27,27,24
44,27,27,24
42,28,26,24
42,25,26,24
44,27,26,24
44,25,26,24
41,28,26,24
44,28,27,24
42,27,26,24
41,27,26,24
46,22,27,24
46,24,27,24
47,25,27,24
47,27,27,24
46,25,27,24
46,28,28,24
45,28,30,24
45,28,26,24
46,27,27,24
47,28,26,24
47,22,26,24
45,25,27,24
50,27,26,24
45,24,26,24
45,28,27,24
46,28,26,24
45,27,28,24
46,22,26,24
49,24,26,24
46,28,27,24
47,24,26,24
50,25,26,24
45,27,26,24
45,28,28,24
49,27,26,24
45,25,26,24
45,27,27,24
46,27,26,24
46,25,26,24
47,27,26,24
49,25,26,24
47,25,26,24
55,19,42,25
55,18,41,25
55,21,41,25
55,19,41,25
56,22,41,25
56,18,44,25
56,22,42,25
56,21,44,25
56,21,41,25
56,19,44,25
56,18,42,25
56,21,42,25
58,22,41,25
56,19,42,25
56,19,41,25
58,21,41,25
58,22,42,25
58,21,42,25
56,18,41,25
58,19,42,25
59,19,42,25
58,19,41,25
59,19,41,25
55,18,41,25
55,21,41,25
55,19,41,25
55,19,39,25
55,18,39,25
56,22,41,25
58,22,39,25
56,21,39,25
56,21,41,25
58,22,41,25
56,19,41,25
58,21,41,25
56,19,39,25
56,18,41,25
58,21,39,25
56,18,39,25
58,19,41,25
58,19,39,25
59,19,41,25
59,19,39,25
64,22,38,26
64,27,41,26
67,22,41,26
64,25,41,26
64,24,42,26
67,24,42,26
64,24,41,26
67,22,45,26
65,24,41,26
65,22,47,26
65,24,42,26
64,24,44,26
65,24,44,26
67,22,44,26
64,24,45,26
62,24,42,26
64,22,47,26
65,21,47,26
65,22,45,26
67,21,44,26
62,24,44,26
64,21,47,26
65,22,42,26
64,22,42,26
65,22,44,26
65,19,42,26
65,22,41,26
64,22,45,26
65,21,42,26
61,24,42,26
65,21,45,26
65,19,44,26
64,22,41,26
64,22,44,26
62,22,42,26
64,21,45,26
64,18,44,26
65,21,44,26
64,21,42,26
64,19,45,26
64,21,44,26
61,22,42,26
62,22,44,26
64,19,42,26
64,19,44,26
64,18,42,26
64,27,41,26
67,22,41,26
64,25,41,26
64,24,41,26
65,24,41,26
64,24,39,26
65,22,41,26
64,22,41,26
65,22,39,26
64,22,39,26
59,48,38,27
59,48,36,27
55,51,31,27
58,48,38,27
59,49,36,27
58,48,34,27
56,49,31,27
56,45,36,27
55,45,36,27
58,48,36,27
56,48,38,27
56,49,38,27
58,49,33,27
55,49,31,27
55,48,31,27
56,46,34,27
55,49,38,27
55,46,38,27
56,49,36,27
58,49,36,27
56,46,36,27
55,49,36,27
55,49,34,27
56,48,33,27
55,46,34,27
55,46,33,27
55,49,33,27
56,49,33,27
58,49,34,27
56,49,34,27
55,48,38,27
55,46,36,27
56,48,36,27
56,48,34,27
55,48,36,27
55,48,34,27
55,48,33,27
56,49,39,27
55,49,39,27
55,48,39,27
24,24,38,28
24,22,38,28
26,22,38,28
24,21,38,28
24,24,36,28
24,22,36,28
32,21,38,28
26,21,36,28
26,22,36,28
27,22,38,28
26,21,38,28
26,19,36,28
26,19,38,28
30,21,38,28
26,21,34,28
29,21,38,28
26,19,34,28
27,21,38,28
27,19,38,28
27,21,36,28
27,18,38,28
27,19,36,28
27,18,36,28
30,19,38,28
29,19,38,28
29,18,38,28
26,21,42,28
24,21,41,28
26,21,41,28
27,21,41,28
27,19,41,28
23,22,39,28
24,24,39,28
24,22,41,28
24,22,39,28
26,22,41,28
27,22,39,28
26,22,39,28
24,21,41,28
24,21,39,28
26,21,39,28
26,21,41,28
26,19,39,28
27,21,39,28
27,21,41,28
27,19,39,28
29,21,39,28
27,19,41,28
29,19,39,28
56,21,53,29
58,22,54,29
56,22,54,29
55,27,50,29
55,24,51,29
59,25,56,29
56,19,53,29
59,22,53,29
59,27,57,29
58,24,56,29
55,25,50,29
55,27,51,29
59,27,56,29
59,27,54,29
58,21,53,29
56,24,56,29
56,25,54,29
55,25,51,29
56,22,53,29
59,25,54,29
58,25,57,29
56,21,51,29
55,24,50,29
56,25,56,29
56,24,57,29
55,25,54,29
55,25,53,29
58,27,54,29
58,24,54,29
59,28,56,29
58,25,54,29
55,25,56,29
56,25,57,29
56,27,56,29
58,27,57,29
58,27,56,29
59,24,53,29
55,27,53,29
56,24,53,29
59,25,53,29
56,27,54,29
59,27,53,29
58,25,56,29
55,27,54,29
58,21,51,29
56,22,51,29
58,28,54,29
59,21,51,29
59,28,54,29
59,28,53,29
58,28,53,29
58,22,53,29
58,27,53,29
59,25,51,29
56,24,51,29
59,22,51,29
56,22,50,29
58,28,56,29
56,25,53,29
59,24,51,29
58,24,53,29
58,25,53,29
59,27,51,29
56,27,53,29
59,28,51,29
58,22,51,29
58,28,51,29
56,24,50,29
56,25,50,29
56,25,51,29
58,27,51,29
58,25,51,29
56,27,51,29
58,28,50,29
58,25,50,29
58,27,50,29
58,24,51,29
58,22,50,29
56,27,50,29
58,24,50,29
55,48,18,30
55,49,16,30
56,49,22,30
58,49,21,30
56,49,24,30
61,51,31,30
62,51,30,30
61,48,28,30
64,48,25,30
59,52,24,30
62,49,28,30
58,48,21,30
56,48,22,30
59,49,27,30
59,52,22,30
58,49,22,30
64,51,27,30
56,48,24,30
55,48,16,30
62,51,27,30
61,52,25,30
64,49,25,30
58,49,24,30
61,54,24,30
64,49,24,30
64,49,27,30
59,49,25,30
61,49,27,30
61,52,24,30
61,52,31,30
58,49,27,30
59,51,24,30
61,51,25,30
59,49,24,30
59,49,21,30
59,49,22,30
59,48,21,30
62,49,27,30
61,51,24,30
61,48,27,30
59,48,27,30
61,49,25,30
61,51,22,30
62,51,25,30
62,51,24,30
58,49,25,30
61,54,22,30
61,49,24,30
59,51,22,30
61,52,22,30
58,48,24,30
62,48,25,30
62,48,27,30
58,48,22,30
61,49,22,30
62,49,25,30
62,49,24,30
62,48,24,30
59,48,22,30
58,48,25,30
61,48,25,30
59,48,25,30
61,48,24,30
61,48,22,30
59,48,24,30
33,24,34,31
32,24,36,31
32,24,34,31
30,24,38,31
33,22,36,31
29,24,38,31
30,24,34,31
33,22,34,31
32,22,36,31
30,22,38,31
30,24,36,31
29,24,34,31
30,22,34,31
29,24,36,31
30,22,36,31
32,21,36,31
27,24,34,31
29,22,38,31
30,22,33,31
32,22,34,31
27,24,36,31
23,24,34,31
29,22,33,31
32,21,34,31
24,24,34,31
29,22,34,31
26,24,34,31
26,22,34,31
30,21,34,31
32,22,33,31
29,22,36,31
24,22,34,31
27,22,36,31
27,22,34,31
29,21,33,31
29,22,31,31
27,22,33,31
30,21,36,31
30,22,31,31
29,21,34,31
30,21,33,31
27,21,34,31
27,19,34,31
29,21,31,31
27,21,33,31
29,19,34,31
29,21,36,31
30,21,31,31
30,19,34,31
30,19,36,31
29,19,36,31
29,24,39,31
29,22,39,31
64,54,30,32
62,54,30,32
62,60,25,32
64,55,27,32
64,54,28,32
62,55,28,32
62,52,30,32
62,52,28,32
62,54,28,32
62,58,25,32
61,54,25,32
62,58,24,32
64,60,22,32
65,57,24,32
64,54,27,32
62,54,27,32
64,58,24,32
62,55,27,32
65,55,24,32
64,52,27,32
62,61,25,32
64,57,24,32
64,55,25,32
62,52,27,32
61,55,24,32
62,57,22,32
62,60,22,32
62,57,25,32
61,55,22,32
64,58,22,32
64,54,24,32
62,57,24,32
64,54,25,32
62,55,25,32
62,61,21,32
64,55,24,32
62,58,22,32
62,55,24,32
62,61,19,32
62,63,25,32
62,54,25,32
62,54,24,32
62,60,21,32
62,52,25,32
59,21,26,33
62,22,26,33
61,22,26,33
61,21,26,33
62,24,26,33
59,21,27,33
64,24,26,33
64,22,26,33
62,21,27,33
59,19,27,33
62,21,31,33
61,21,27,33
62,24,27,33
61,22,27,33
59,21,28,33
61,22,28,33
62,22,27,33
62,24,28,33
64,22,27,33
61,19,27,33
62,21,30,33
62,19,28,33
62,18,28,33
62,21,28,33
64,24,27,33
61,21,28,33
65,21,28,33
62,19,30,33
64,21,31,33
62,24,30,33
64,19,31,33
61,21,30,33
62,19,31,33
62,22,30,33
59,19,28,33
64,19,30,33
59,21,30,33
61,18,28,33
64,22,30,33
62,18,30,33
62,22,28,33
64,24,28,33
61,19,28,33
64,19,28,33
64,21,28,33
65,22,28,33
64,22,28,33
61,19,30,33
64,21,30,33
65,21,30,33
64,24,30,33
65,45,66,34
62,47,69,34
62,40,68,34
62,40,66,34
59,39,65,34
65,45,68,34
64,42,68,34
62,40,65,34
64,37,57,34
61,37,68,34
65,40,65,34
61,39,66,34
64,40,65,34
64,37,59,34
65,36,63,34
64,40,66,34
64,40,68,34
67,37,65,34
64,34,63,34
62,39,68,34
65,37,62,34
67,39,65,34
65,40,66,34
61,37,66,34
62,33,65,34
65,39,63,34
65,37,63,34
61,39,65,34
59,37,65,34
62,39,66,34
64,36,62,34
64,37,60,34
62,37,68,34
65,39,66,34
65,39,65,34
64,39,63,34
64,39,66,34
65,36,65,34
64,39,65,34
64,36,63,34
64,34,65,34
61,37,65,34
65,37,65,34
64,37,62,34
62,39,65,34
64,36,65,34
64,37,63,34
64,37,66,34
62,34,65,34
62,37,66,34
64,37,65,34
64,36,66,34
62,39,63,34
59,37,63,34
62,36,63,34
61,39,63,34
62,37,65,34
61,36,65,34
61,37,63,34
62,37,63,34
62,36,65,34
62,37,62,34
62,36,66,34
53,16,38,35
53,15,38,35
55,15,38,35
55,18,38,35
55,13,38,35
55,16,38,35
55,16,36,35
55,15,36,35
56,13,38,35
56,13,36,35
56,15,38,35
58,15,38,35
56,18,38,35
59,15,38,35
56,16,38,35
56,15,36,35
58,16,38,35
56,16,36,35
58,15,36,35
56,15,34,35
59,15,36,35
56,15,33,35
59,15,34,35
58,15,34,35
58,18,38,35
58,16,36,35
59,16,38,35
55,15,41,35
53,15,39,35
55,13,41,35
55,15,39,35
55,13,39,35
56,13,41,35
55,16,39,35
56,15,41,35
56,13,39,35
56,15,39,35
56,16,39,35
58,15,39,35
59,15,39,35
49,19,27,36
47,21,27,36
50,19,26,36
47,19,27,36
55,24,28,36
47,21,26,36
53,22,27,36
55,24,30,36
55,25,26,36
53,21,31,36
52,21,26,36
55,24,27,36
49,22,26,36
53,22,26,36
53,25,26,36
55,24,26,36
50,24,26,36
55,22,31,36
52,19,27,36
56,24,27,36
53,21,26,36
53,21,27,36
55,22,28,36
55,22,27,36
55,22,26,36
56,24,26,36
52,19,26,36
53,21,30,36
55,22,30,36
53,21,28,36
56,22,27,36
56,22,28,36
53,19,26,36
55,21,26,36
55,21,27,36
56,22,26,36
53,19,28,36
55,16,26,36
53,18,26,36
55,18,26,36
58,22,27,36
56,22,30,36
53,19,27,36
55,21,31,36
55,21,28,36
55,19,26,36
58,22,26,36
53,18,27,36
55,16,27,36
55,21,30,36
55,19,27,36
58,19,26,36
55,19,28,36
55,18,27,36
56,21,26,36
56,19,26,36
56,21,27,36
55,18,28,36
58,21,26,36
55,19,30,36
56,21,30,36
56,21,28,36
58,21,28,36
58,21,27,36
56,18,27,36
58,19,27,36
56,19,27,36
56,19,28,36
35,71,31,37
35,71,31,37
59,71,30,37
59,71,31,37
55,71,31,37
55,66,31,37
58,71,30,37
55,71,30,37
55,68,31,37
64,71,31,37
27,18,31,38
30,16,30,38
32,15,36,38
33,15,33,38
30,15,36,38
33,16,30,38
27,18,33,38
33,15,34,38
29,19,33,38
32,15,33,38
32,15,34,38
30,15,33,38
27,18,34,38
30,15,34,38
29,19,31,38
30,19,31,38
27,19,33,38
30,16,31,38
29,16,31,38
29,16,34,38
29,18,30,38
30,16,38,38
29,16,36,38
32,18,30,38
30,18,30,38
30,19,33,38
29,16,33,38
32,16,31,38
32,16,34,38
33,16,33,38
30,18,31,38
30,16,36,38
33,16,34,38
30,19,30,38
29,18,31,38
30,16,34,38
30,16,33,38
29,18,34,38
29,18,33,38
32,16,33,38
33,16,31,38
32,16,36,38
30,18,33,38
32,18,31,38
29,18,36,38
32,18,33,38
32,18,34,38
30,18,36,38
30,18,34,38
32,43,19,39
32,43,18,39
29,43,18,39
30,43,18,39
27,43,18,39
26,43,16,39
30,43,19,39
30,45,19,39
27,45,18,39
26,45,18,39
24,43,16,39
26,45,19,39
26,43,19,39
27,45,19,39
29,46,19,39
26,43,18,39
29,43,19,39
29,45,19,39
24,43,18,39
27,43,19,39
24,43,19,39
24,43,21,39
26,43,21,39
30,43,21,39
27,43,21,39
29,45,21,39
27,45,21,39
26,43,22,39
29,46,21,39
29,43,21,39
27,43,22,39
27,45,22,39
29,43,22,39
62,58,28,40
62,60,27,40
62,61,27,40
59,57,30,40
61,60,27,40
61,60,25,40
58,55,31,40
62,57,28,40
61,61,27,40
61,61,25,40
61,58,27,40
61,55,30,40
61,57,28,40
61,63,21,40
61,57,24,40
61,60,22,40
61,58,22,40
62,57,27,40
59,60,30,40
61,58,24,40
61,55,31,40
61,54,31,40
62,58,27,40
61,57,27,40
61,60,31,40
59,58,30,40
61,57,25,40
61,58,28,40
61,61,30,40
61,57,31,40
61,63,27,40
59,60,28,40
61,61,21,40
61,61,28,40
59,63,19,40
61,60,30,40
61,57,30,40
61,63,19,40
61,60,28,40
61,58,31,40
61,63,25,40
61,61,19,40
61,58,30,40
39,21,30,41
41,21,28,41
39,21,28,41
35,24,30,41
35,24,31,41
39,21,27,41
36,22,28,41
35,25,28,41
38,19,26,41
39,21,26,41
38,21,30,41
36,19,26,41
38,21,26,41
33,27,28,41
39,22,26,41
38,21,28,41
38,21,27,41
33,25,30,41
35,24,28,41
36,22,30,41
41,19,28,41
38,22,26,41
36,22,27,41
33,25,28,41
36,21,26,41
33,27,30,41
38,24,26,41
35,25,27,41
36,24,26,41
35,19,26,41
36,22,26,41
33,24,28,41
33,24,27,41
35,21,26,41
35,22,26,41
39,19,28,41
35,24,27,41
36,22,31,41
33,25,31,41
35,22,28,41
33,22,26,41
33,25,27,41
35,22,27,41
33,24,33,41
35,24,26,41
33,24,26,41
36,21,27,41
36,19,27,41
35,25,26,41
32,24,27,41
32,25,28,41
33,24,30,41
32,24,26,41
33,25,26,41
32,25,30,41
33,19,26,41
38,19,28,41
35,21,27,41
36,21,28,41
32,22,26,41
33,21,26,41
32,24,28,41
32,21,26,41
30,22,26,41
33,24,31,41
33,22,27,41
35,21,28,41
35,22,30,41
36,21,30,41
33,22,28,41
33,22,33,41
36,19,28,41
32,19,27,41
35,19,28,41
30,19,27,41
32,22,27,41
30,22,27,41
32,24,30,41
33,22,30,41
30,21,27,41
32,24,31,41
35,22,31,41
33,21,27,41
35,18,28,41
35,21,30,41
32,21,27,41
30,24,28,41
33,22,31,41
33,19,28,41
33,18,28,41
32,22,28,41
33,21,31,41
33,21,28,41
29,24,28,41
32,19,28,41
32,22,31,41
32,18,28,41
33,21,30,41
33,19,30,41
32,21,31,41
32,21,30,41
32,21,28,41
30,22,28,41
32,22,30,41
30,24,30,41
32,19,30,41
33,18,30,41
30,22,30,41
30,19,28,41
30,21,28,41
23,31,41,42
24,31,41,42
23,30,42,42
23,28,42,42
26,31,41,42
24,30,41,42
20,28,41,42
21,27,42,42
21,28,42,42
23,27,44,42
21,30,41,42
26,28,42,42
23,30,41,42
23,27,45,42
23,28,45,42
24,28,44,42
20,27,41,42
21,25,42,42
23,25,42,42
23,27,42,42
24,28,41,42
24,27,41,42
27,28,42,42
24,27,42,42
23,24,41,42
21,28,41,42
21,25,41,42
23,28,41,42
24,28,45,42
21,27,41,42
24,25,41,42
23,27,41,42
23,22,41,42
23,25,41,42
23,31,41,42
24,31,41,42
26,31,41,42
24,30,41,42
20,28,41,42
23,30,39,42
24,30,39,42
21,30,41,42
23,30,41,42
24,28,39,42
24,28,41,42
24,27,41,42
23,28,39,42
23,24,41,42
21,28,41,42
23,28,41,42
24,25,41,42
23,27,41,42
23,22,41,42
23,25,41,42
58,31,48,43
58,34,51,43
59,34,53,43
53,31,54,43
55,34,53,43
56,34,51,43
55,31,51,43
55,30,51,43
56,30,48,43
55,28,51,43
53,30,56,43
59,31,53,43
59,33,53,43
56,31,50,43
58,33,51,43
53,33,54,43
55,33,53,43
59,30,54,43
59,30,56,43
58,31,50,43
56,33,51,43
55,31,53,43
55,28,54,43
53,31,56,43
59,31,54,43
59,30,53,43
56,28,54,43
58,31,51,43
59,30,51,43
55,28,53,43
55,30,53,43
59,33,54,43
58,34,53,43
56,31,51,43
56,28,53,43
58,33,53,43
56,28,56,43
56,34,53,43
56,33,53,43
56,30,51,43
59,31,56,43
58,31,53,43
56,30,50,43
58,30,51,43
55,33,54,43
55,31,54,43
58,30,50,43
56,28,51,43
56,30,53,43
55,30,54,43
56,31,53,43
58,30,53,43
58,30,57,43
58,30,56,43
55,30,56,43
58,31,54,43
55,31,56,43
56,31,54,43
56,30,54,43
56,28,50,43
58,33,54,43
56,33,54,43
58,31,56,43
58,30,54,43
56,31,56,43
56,30,56,43
56,30,57,43
18,39,28,44
20,43,28,44
20,42,31,44
18,42,31,44
18,42,30,44
20,39,33,44
18,40,31,44
21,40,31,44
20,39,34,44
18,39,31,44
20,40,30,44
20,42,30,44
20,39,31,44
21,43,30,44
21,42,31,44
20,39,36,44
18,40,33,44
21,40,30,44
20,39,30,44
18,37,30,44
20,37,31,44
20,42,28,44
23,43,30,44
20,40,28,44
23,40,30,44
21,39,31,44
21,42,30,44
20,39,28,44
21,39,30,44
23,42,30,44
21,40,28,44
21,43,28,44
21,40,27,44
20,37,30,44
20,39,27,44
21,37,30,44
21,42,28,44
70,43,63,45
70,45,63,45
67,47,62,45
70,46,63,45
70,45,62,45
70,43,60,45
65,47,59,45
62,45,59,45
70,43,62,45
61,47,59,45
67,47,60,45
68,43,63,45
71,46,59,45
68,46,60,45
68,46,63,45
67,46,60,45
67,45,66,45
67,45,60,45
68,43,62,45
70,46,62,45
68,45,65,45
71,47,62,45
68,42,59,45
68,47,62,45
68,47,63,45
71,47,56,45
65,46,59,45
68,45,60,45
68,47,65,45
73,47,60,45
64,45,59,45
70,47,62,45
71,46,60,45
68,43,57,45
68,43,56,45
68,46,65,45
68,45,56,45
65,45,59,45
68,43,59,45
68,47,60,45
70,45,60,45
67,47,59,45
70,47,60,45
67,47,57,45
70,47,63,45
71,47,57,45
70,47,56,45
70,45,57,45
68,43,60,45
70,46,60,45
67,45,59,45
71,47,59,45
70,47,59,45
68,45,59,45
67,43,59,45
67,43,57,45
68,45,57,45
67,46,59,45
68,47,56,45
68,46,59,45
70,46,57,45
70,46,59,45
70,45,59,45
68,46,56,45
71,47,60,45
67,45,57,45
70,47,57,45
68,47,59,45
67,46,57,45
68,47,57,45
68,46,57,45
33,33,33,46
29,31,34,46
27,34,34,46
32,36,33,46
33,34,31,46
27,33,34,46
30,31,34,46
33,33,31,46
30,42,33,46
32,34,33,46
32,31,33,46
32,33,33,46
30,36,33,46
33,33,30,46
26,33,33,46
27,34,33,46
27,33,33,46
30,34,33,46
32,34,31,46
27,31,33,46
29,36,33,46
29,34,33,46
30,31,33,46
30,33,33,46
32,33,31,46
29,31,33,46
29,33,33,46
27,31,31,46
27,33,31,46
32,33,30,46
30,31,31,46
27,34,31,46
30,34,31,46
26,33,31,46
30,31,30,46
29,31,31,46
29,33,31,46
30,33,31,46
29,34,31,46
27,33,30,46
30,33,30,46
29,33,30,46
53,18,34,47
53,19,33,47
55,21,33,47
56,22,33,47
55,19,38,47
58,22,34,47
55,19,34,47
58,22,38,47
56,21,34,47
58,22,36,47
56,22,31,47
55,19,36,47
56,21,33,47
55,19,33,47
55,18,36,47
56,21,36,47
56,21,38,47
58,21,34,47
55,16,34,47
55,18,34,47
56,19,38,47
55,19,31,47
56,19,34,47
59,21,34,47
56,19,33,47
55,18,33,47
58,21,33,47
56,21,31,47
58,21,38,47
58,19,33,47
56,19,36,47
56,19,31,47
56,18,36,47
59,21,36,47
58,21,36,47
56,19,30,47
59,19,34,47
58,19,34,47
56,16,34,47
58,19,38,47
56,18,34,47
58,19,36,47
59,19,36,47
58,21,31,47
58,18,36,47
58,19,31,47
59,18,34,47
56,18,33,47
58,18,34,47
58,16,34,47
56,18,31,47
56,16,33,47
58,18,33,47
73,30,36,48
71,30,38,48
71,31,31,48
71,27,38,48
71,28,38,48
70,30,38,48
71,30,36,48
71,27,36,48
71,30,31,48
70,27,38,48
71,27,34,48
70,30,36,48
71,30,34,48
70,28,38,48
71,28,36,48
71,30,33,48
71,28,34,48
70,30,31,48
71,28,33,48
70,27,36,48
68,28,36,48
70,28,31,48
70,28,36,48
70,28,33,48
70,27,34,48
70,28,34,48
71,28,41,48
71,27,41,48
70,27,41,48
71,28,41,48
71,27,41,48
71,28,39,48
70,27,41,48
71,27,39,48
70,30,39,48
70,27,39,48
70,28,39,48
23,28,26,49
21,30,26,49
23,27,26,49
20,31,27,49
21,31,26,49
23,30,26,49
26,31,26,49
20,31,28,49
21,30,27,49
21,33,26,49
23,27,27,49
23,31,26,49
21,31,31,49
21,27,28,49
20,30,28,49
24,30,26,49
21,33,30,49
23,33,26,49
24,31,26,49
21,31,27,49
23,28,27,49
23,34,26,49
21,28,28,49
23,33,31,49
21,31,30,49
23,34,30,49
21,33,27,49
23,30,27,49
26,33,26,49
23,34,27,49
23,33,30,49
24,33,26,49
23,34,28,49
26,34,28,49
24,34,30,49
23,36,28,49
24,34,28,49
24,33,30,49
24,30,30,49
26,33,30,49
27,31,30,49
23,31,31,49
21,28,30,49
23,33,28,49
21,30,28,49
21,33,28,49
23,33,27,49
23,31,30,49
21,31,28,49
21,27,30,49
26,33,27,49
23,27,31,49
23,30,31,49
24,33,28,49
26,30,30,49
26,33,28,49
24,31,30,49
26,31,27,49
23,31,27,49
23,30,30,49
23,31,28,49
23,25,28,49
23,30,28,49
21,30,30,49
23,28,28,49
23,28,31,49
24,33,27,49
23,28,30,49
24,28,30,49
23,27,28,49
24,30,27,49
23,27,30,49
24,31,28,49
27,31,28,49
24,31,27,49
27,33,28,49
24,30,28,49
26,31,30,49
26,31,28,49
24,28,28,49
24,27,28,49
26,30,28,49
18,30,38,50
18,30,36,50
20,30,38,50
18,31,36,50
18,30,34,50
23,30,38,50
18,33,34,50
21,30,38,50
18,31,34,50
20,34,34,50
20,30,36,50
18,31,33,50
20,28,36,50
20,31,36,50
20,33,33,50
23,30,36,50
21,27,34,50
20,30,34,50
20,33,34,50
21,28,36,50
21,30,36,50
21,27,33,50
21,31,36,50
23,25,34,50
21,33,34,50
20,30,33,50
20,31,34,50
21,31,33,50
21,31,34,50
20,31,33,50
20,28,30,50
23,30,34,50
23,28,36,50
21,30,34,50
21,28,34,50
21,30,33,50
23,27,34,50
20,31,31,50
21,28,33,50
21,27,31,50
23,30,33,50
20,30,31,50
23,27,33,50
20,30,30,50
23,28,34,50
21,25,31,50
23,28,33,50
21,28,31,50
21,30,31,50
33,55,31,51
35,46,33,51
35,51,31,51
33,48,38,51
32,48,33,51
32,48,34,51
35,46,34,51
35,49,31,51
33,46,36,51
32,49,36,51
35,46,38,51
33,49,38,51
35,48,33,51
33,49,31,51
32,49,33,51
33,48,33,51
33,48,36,51
35,46,36,51
33,48,34,51
33,49,36,51
35,48,38,51
35,48,34,51
35,49,36,51
35,49,38,51
35,48,36,51
32,49,34,51
35,49,33,51
35,49,34,51
33,49,34,51
33,49,33,51
33,49,39,51
35,49,39,51
35,48,39,51
35,49,41,51
33,22,57,52
33,24,56,52
35,28,57,52
33,27,57,52
32,22,56,52
33,27,59,52
32,24,54,52
33,25,59,52
30,22,54,52
29,25,57,52
32,25,60,52
33,25,56,52
33,27,56,52
33,24,59,52
30,24,54,52
33,25,57,52
29,25,56,52
33,24,57,52
29,27,59,52
32,24,56,52
30,25,59,52
30,24,57,52
33,28,59,52
32,24,59,52
30,24,56,52
33,28,57,52
29,27,57,52
30,25,57,52
32,25,56,52
32,25,54,52
30,27,59,52
32,24,57,52
32,25,59,52
30,25,54,52
32,27,59,52
30,27,57,52
32,25,57,52
30,25,56,52
30,27,56,52
32,27,56,52
32,27,57,52
30,28,57,52
32,28,57,52
26,45,30,53
27,43,31,53
23,45,28,53
24,45,30,53
23,45,27,53
26,45,28,53
24,43,28,53
27,45,30,53
21,43,27,53
30,43,31,53
24,45,28,53
24,45,27,53
24,43,27,53
27,42,31,53
26,43,30,53
23,43,27,53
24,43,30,53
26,45,27,53
24,43,25,53
29,43,31,53
27,43,30,53
23,43,28,53
26,43,28,53
26,42,30,53
30,43,30,53
27,42,30,53
26,42,28,53
29,43,30,53
27,45,28,53
26,43,27,53
27,40,28,53
27,42,28,53
27,43,28,53
30,43,28,53
26,45,25,53
26,43,24,53
29,43,28,53
27,45,27,53
27,43,27,53
29,42,28,53
27,40,26,53
26,42,27,53
26,43,25,53
26,42,26,53
27,40,27,53
27,45,25,53
27,42,27,53
29,43,27,53
27,42,26,53
27,43,25,53
30,43,27,53
27,45,24,53
29,42,27,53
30,43,25,53
29,43,25,53
29,42,26,53
27,43,24,53
29,43,24,53
61,27,48,54
55,25,48,54
59,30,47,54
56,28,47,54
58,30,47,54
59,30,48,54
61,27,45,54
59,27,44,54
59,28,44,54
59,30,50,54
58,28,45,54
58,30,48,54
59,27,45,54
61,27,47,54
61,25,48,54
59,28,47,54
59,28,45,54
56,27,47,54
59,28,48,54
56,25,47,54
59,27,47,54
59,27,50,54
59,25,47,54
56,28,48,54
61,25,47,54
59,28,50,54
58,28,47,54
59,27,48,54
58,27,45,54
59,25,50,54
58,28,48,54
59,25,48,54
56,27,48,54
56,25,48,54
58,27,47,54
58,27,48,54
58,25,47,54
58,25,48,54
32,33,66,55
30,36,66,55
32,34,66,55
33,34,65,55
35,34,63,55
30,33,66,55
30,37,65,55
32,36,65,55
32,37,63,55
33,36,62,55
35,34,60,55
33,34,63,55
30,34,66,55
29,40,63,55
33,33,65,55
35,33,63,55
32,36,63,55
35,33,65,55
33,34,62,55
32,34,65,55
30,36,65,55
33,34,60,55
30,34,65,55
32,33,65,55
30,31,65,55
29,39,63,55
33,33,63,55
30,33,65,55
30,37,63,55
29,31,63,55
32,34,63,55
29,36,63,55
29,34,63,55
29,33,63,55
32,33,63,55
30,37,62,55
32,36,62,55
30,36,63,55
32,34,62,55
30,34,63,55
30,33,59,55
29,37,63,55
30,31,63,55
30,33,63,55
30,33,60,55
29,34,62,55
29,33,62,55
30,36,62,55
30,33,62,55
30,34,62,55
30,34,60,55
30,34,59,55
32,34,60,55
32,34,59,55
35,33,26,56
35,34,27,56
35,33,27,56
35,34,28,56
35,33,28,56
33,31,26,56
33,31,27,56
33,36,26,56
33,31,28,56
33,33,26,56
33,34,26,56
32,36,26,56
32,33,26,56
33,36,27,56
33,34,30,56
33,34,27,56
33,33,27,56
32,34,26,56
33,36,28,56
33,33,28,56
33,34,28,56
32,34,27,56
32,31,26,56
32,34,30,56
32,36,27,56
32,33,27,56
32,34,28,56
27,36,26,56
32,31,28,56
32,33,28,56
30,34,26,56
30,33,26,56
32,36,28,56
32,31,27,56
29,36,26,56
30,36,26,56
26,34,27,56
30,34,28,56
30,34,27,56
29,34,26,56
26,34,26,56
27,34,26,56
30,33,28,56
27,36,27,56
30,33,27,56
30,36,27,56
27,34,28,56
29,34,28,56
27,34,27,56
29,34,27,56
29,36,27,56
24,40,31,57
26,40,31,57
24,42,30,57
24,42,28,57
24,39,31,57
24,40,30,57
26,39,31,57
24,42,27,57
23,42,28,57
26,40,30,57
24,42,26,57
23,42,26,57
23,42,27,57
24,40,28,57
21,39,28,57
26,40,28,57
24,40,26,57
23,40,28,57
21,39,26,57
23,37,26,57
24,39,30,57
24,34,26,57
23,40,27,57
24,40,27,57
23,39,26,57
21,37,26,57
23,39,30,57
26,39,30,57
24,37,27,57
26,37,27,57
26,36,26,57
24,36,26,57
26,36,27,57
27,39,28,57
23,40,26,57
26,37,26,57
24,39,26,57
26,39,27,57
24,36,27,57
24,37,26,57
27,37,26,57
23,37,27,57
26,40,26,57
27,39,26,57
26,40,27,57
21,39,27,57
24,39,27,57
23,39,27,57
26,39,28,57
24,39,28,57
24,37,30,57
23,36,26,57
23,39,28,57
27,39,27,57
21,37,27,57
26,39,26,57
24,37,28,57
23,36,27,57
26,37,28,57
23,37,28,57
27,37,27,57
26,36,28,57
24,36,28,57
24,34,27,57
59,45,28,58
62,42,31,58
62,46,28,58
65,43,30,58
64,48,28,58
62,45,28,58
61,45,28,58
67,45,27,58
65,45,27,58
64,46,25,58
64,43,30,58
67,45,28,58
64,42,31,58
68,42,30,58
65,45,28,58
64,49,28,58
65,48,27,58
65,42,30,58
67,43,28,58
65,46,27,58
65,43,27,58
64,45,28,58
59,43,28,58
67,43,27,58
64,46,27,58
64,45,27,58
62,48,28,58
67,42,30,58
65,43,28,58
62,43,28,58
65,42,28,58
62,42,30,58
64,48,27,58
64,43,27,58
65,40,30,58
64,42,30,58
61,43,28,58
64,43,25,58
64,43,28,58
65,42,27,58
68,42,28,58
67,42,28,58
67,42,27,58
64,40,30,58
62,46,27,58
67,40,30,58
65,40,28,58
62,45,27,58
67,40,28,58
64,40,28,58
64,42,28,58
64,42,26,58
62,42,28,58
65,39,28,58
64,39,28,58
62,43,27,58
64,42,27,58
32,22,48,59
33,25,45,59
32,24,50,59
32,24,48,59
32,19,48,59
32,21,48,59
29,22,53,59
32,27,47,59
32,24,51,59
29,24,53,59
27,24,51,59
30,19,50,59
30,22,53,59
32,25,48,59
32,27,45,59
33,24,45,59
27,22,50,59
30,24,53,59
32,19,47,59
32,25,50,59
30,22,51,59
32,25,47,59
30,21,50,59
29,22,51,59
27,24,50,59
30,22,50,59
32,24,47,59
30,24,51,59
29,24,51,59
32,25,45,59
27,24,48,59
32,21,47,59
29,21,50,59
30,27,47,59
30,24,48,59
27,22,48,59
32,22,47,59
30,24,50,59
29,22,50,59
30,25,48,59
30,25,51,59
30,19,48,59
30,25,50,59
30,22,48,59
27,25,47,59
30,27,45,59
32,24,45,59
29,24,50,59
30,25,47,59
27,24,47,59
29,24,48,59
27,21,47,59
29,22,48,59
30,19,47,59
30,25,45,59
27,22,47,59
30,24,47,59
29,21,48,59
29,25,47,59
30,21,48,59
30,24,45,59
29,21,47,59
29,24,47,59
30,21,47,59
29,25,45,59
29,22,47,59
30,22,47,59
29,24,45,59
56,15,27,60
61,15,33,60
58,13,33,60
56,16,27,60
56,15,28,60
58,18,27,60
61,16,31,60
55,15,28,60
59,18,27,60
58,15,28,60
58,19,28,60
59,16,28,60
56,18,28,60
58,16,27,60
55,15,31,60
59,15,33,60
61,16,30,60
58,21,30,60
59,18,31,60
55,15,30,60
56,13,31,60
59,15,31,60
58,19,30,60
55,13,30,60
59,18,28,60
56,18,30,60
58,15,30,60
58,15,33,60
59,16,31,60
59,19,30,60
59,16,30,60
59,16,33,60
58,15,31,60
59,18,30,60
58,16,28,60
58,18,28,60
61,18,30,60
58,18,30,60
56,15,31,60
56,15,30,60
56,16,28,60
58,16,33,60
58,16,30,60
58,16,31,60
58,18,31,60
56,16,31,60
56,16,30,60
62,30,38,61
62,27,36,61
62,30,36,61
61,30,34,61
61,28,34,61
62,28,36,61
58,28,33,61
62,30,34,61
59,28,33,61
62,27,34,61
62,28,34,61
61,28,33,61
59,30,33,61
62,30,33,61
61,30,33,61
62,31,33,61
64,28,36,61
61,27,31,61
62,28,33,61
62,30,31,61
61,28,31,61
62,28,31,61
61,31,33,61
59,28,31,61
58,28,31,61
62,27,33,61
64,28,31,61
64,27,33,61
59,30,31,61
64,27,34,61
64,28,34,61
64,30,31,61
64,28,33,61
62,31,31,61
61,30,31,61
62,28,26,61
64,27,31,61
62,27,31,61
64,28,30,61
62,28,30,61
62,30,30,61
64,30,33,61
62,28,27,61
62,25,31,61
61,28,30,61
61,28,28,61
62,28,28,61
65,30,31,61
61,31,31,61
64,30,30,61
64,25,31,61
62,30,28,61
61,30,30,61
68,28,31,61
62,31,30,61
62,27,28,61
64,27,30,61
65,28,31,61
62,27,30,61
67,28,31,61
65,27,31,61
65,28,33,61
23,25,44,62
26,24,48,62
26,22,48,62
23,24,44,62
26,30,44,62
24,24,47,62
23,24,42,62
24,27,47,62
24,24,42,62
24,27,44,62
24,24,41,62
24,25,42,62
24,25,45,62
24,24,45,62
26,28,44,62
27,24,41,62
27,25,41,62
24,22,42,62
27,24,42,62
26,25,47,62
24,25,44,62
26,24,42,62
26,25,41,62
24,24,44,62
26,24,41,62
24,27,45,62
27,25,42,62
26,22,47,62
24,22,41,62
29,27,44,62
26,24,47,62
26,25,42,62
26,22,42,62
26,27,45,62
26,22,41,62
26,27,44,62
26,24,44,62
26,21,44,62
27,25,44,62
26,25,44,62
26,25,45,62
26,22,44,62
27,25,45,62
27,24,44,62
27,27,44,62
29,24,44,62
26,24,45,62
29,25,44,62
27,21,45,62
27,21,44,62
26,22,45,62
27,22,44,62
27,24,45,62
27,22,45,62
24,24,41,62
27,24,41,62
26,24,41,62
39,47,50,63
41,45,50,63
41,46,50,63
44,46,50,63
42,46,50,63
44,47,50,63
41,47,50,63
44,47,50,63
42,47,50,63
47,47,51,63
50,46,50,63
46,45,72,63
49,47,50,63
46,47,50,63
45,47,50,63
47,47,50,63
42,19,30,64
38,18,34,64
39,18,33,64
39,19,31,64
41,19,30,64
35,24,33,64
36,19,34,64
38,21,31,64
38,19,33,64
35,22,34,64
36,22,33,64
38,18,33,64
39,19,30,64
36,21,33,64
36,18,34,64
39,16,33,64
36,19,33,64
39,18,31,64
38,19,31,64
35,21,34,64
38,16,33,64
35,22,33,64
35,21,36,64
36,18,33,64
35,19,34,64
38,19,30,64
38,18,31,64
36,19,31,64
36,21,31,64
35,19,36,64
35,21,33,64
36,16,33,64
38,16,31,64
33,21,34,64
38,18,30,64
33,21,36,64
35,19,33,64
36,19,30,64
35,18,34,64
36,18,31,64
33,21,33,64
36,18,30,64
36,16,31,64
33,19,34,64
36,15,33,64
35,18,33,64
35,19,30,64
35,21,31,64
35,19,31,64
35,18,30,64
35,16,30,64
35,16,33,64
33,19,36,64
33,19,33,64
35,15,33,64
35,18,31,64
35,16,31,64
32,21,33,64
33,19,31,64
32,19,31,64
33,18,34,64
32,19,34,64
33,18,33,64
32,19,36,64
32,19,33,64
33,18,31,64
23,37,38,65
21,39,33,65
24,39,33,65
26,39,33,65
23,36,36,65
24,36,38,65
21,37,33,65
24,37,34,65
21,37,34,65
20,37,33,65
21,37,36,65
23,37,34,65
26,36,36,65
21,36,34,65
26,36,34,65
23,36,38,65
24,36,36,65
21,36,33,65
26,37,33,65
27,36,33,65
20,36,33,65
23,36,34,65
26,36,33,65
23,39,31,65
20,34,33,65
26,34,33,65
20,36,31,65
23,37,33,65
21,37,31,65
21,34,34,65
21,36,36,65
21,34,33,65
23,34,36,65
21,36,31,65
24,36,34,65
24,37,33,65
21,34,31,65
23,34,34,65
21,33,33,65
21,36,30,65
23,33,33,65
23,36,33,65
23,37,31,65
26,36,31,65
21,33,31,65
24,36,33,65
23,36,31,65
23,34,33,65
24,37,31,65
23,34,31,65
23,37,30,65
26,34,31,65
24,36,31,65
23,36,30,65
24,34,33,65
24,34,31,65
24,36,30,65
38,27,63,66
35,28,60,66
35,30,63,66
35,30,62,66
35,30,60,66
41,27,63,66
35,27,63,66
35,30,65,66
36,31,65,66
36,27,63,66
35,28,63,66
35,30,66,66
33,31,66,66
35,31,60,66
35,28,65,66
35,31,62,66
35,30,59,66
27,30,62,66
35,31,65,66
27,31,62,66
33,28,62,66
32,27,62,66
35,31,63,66
33,30,63,66
33,30,66,66
33,27,63,66
33,30,65,66
32,31,66,66
33,28,63,66
30,27,62,66
35,33,62,66
32,27,60,66
33,28,60,66
33,31,65,66
29,28,60,66
32,31,65,66
30,27,60,66
29,28,62,66
32,28,63,66
32,30,63,66
29,30,63,66
33,30,62,66
32,28,62,66
29,30,62,66
29,30,60,66
32,31,63,66
33,31,63,66
32,28,60,66
33,33,62,66
33,30,60,66
29,31,62,66
33,31,62,66
30,30,63,66
30,28,62,66
30,28,60,66
32,30,62,66
33,30,59,66
33,31,60,66
30,31,60,66
30,30,60,66
32,28,59,66
30,30,62,66
32,33,62,66
30,31,62,66
30,28,59,66
32,31,62,66
32,33,60,66
30,30,59,66
32,30,60,66
32,31,59,66
32,30,59,66
32,30,57,66
32,31,60,66
67,39,33,67
65,37,34,67
70,31,38,67
62,31,36,67
64,31,38,67
71,33,34,67
61,31,34,67
71,33,33,67
73,31,34,67
67,36,34,67
65,33,38,67
67,33,38,67
70,33,34,67
68,33,36,67
70,31,36,67
65,34,36,67
67,34,36,67
64,30,38,67
68,34,34,67
62,31,34,67
71,31,33,67
70,33,33,67
65,36,34,67
67,36,33,67
67,37,33,67
68,31,38,67
71,31,34,67
65,33,36,67
64,31,36,67
64,30,36,67
67,34,33,67
68,33,34,67
65,33,34,67
65,31,38,67
70,31,31,67
70,31,34,67
67,34,34,67
65,34,34,67
65,30,38,67
67,33,36,67
70,31,33,67
68,33,33,67
67,31,38,67
67,33,34,67
67,30,38,67
68,31,36,67
68,30,38,67
65,28,36,67
64,31,34,67
65,31,36,67
65,30,36,67
68,31,34,67
67,33,33,67
68,31,33,67
65,31,34,67
68,31,31,67
65,31,33,67
64,30,34,67
70,30,33,67
70,30,34,67
67,31,36,67
67,31,33,67
67,31,31,67
67,31,34,67
67,28,36,67
65,28,34,67
67,31,30,67
68,30,36,67
65,30,34,67
68,30,34,67
68,30,33,67
67,30,36,67
65,30,33,67
68,30,31,67
68,28,34,67
67,30,31,67
67,28,34,67
67,30,34,67
67,30,33,67
64,30,39,67
68,31,39,67
65,31,39,67
67,30,39,67
68,30,39,67
67,31,39,67
65,30,39,67
29,42,33,68
29,40,33,68
32,37,31,68
32,36,31,68
27,37,33,68
30,37,33,68
29,39,33,68
30,39,33,68
30,40,33,68
33,36,30,68
29,37,33,68
27,39,31,68
27,40,31,68
27,40,30,68
33,37,30,68
27,37,31,68
30,42,31,68
29,42,31,68
27,39,30,68
26,37,31,68
29,42,30,68
29,40,31,68
32,36,30,68
30,37,31,68
30,42,30,68
30,36,31,68
30,40,31,68
27,36,31,68
29,37,31,68
30,39,31,68
26,37,30,68
29,39,31,68
29,39,30,68
29,40,30,68
27,37,30,68
30,40,30,68
32,37,30,68
29,40,28,68
26,34,30,68
30,39,30,68
29,36,31,68
26,36,30,68
29,39,28,68
30,37,30,68
29,37,30,68
27,36,30,68
27,34,30,68
29,37,26,68
30,36,30,68
30,34,30,68
27,37,28,68
30,37,28,68
29,36,30,68
29,37,28,68
30,36,28,68
27,36,28,68
29,34,30,68
29,36,28,68
29,37,27,68
62,27,38,69
62,24,38,69
65,25,38,69
70,24,38,69
64,25,38,69
64,28,38,69
62,25,38,69
70,25,38,69
64,27,38,69
62,25,36,69
68,22,38,69
67,22,38,69
68,24,38,69
65,27,38,69
67,24,38,69
68,25,38,69
67,25,38,69
70,24,36,69
64,24,38,69
67,21,38,69
65,24,38,69
64,25,36,69
64,27,36,69
65,22,38,69
68,24,36,69
65,28,38,69
70,25,36,69
67,27,38,69
67,21,36,69
67,28,38,69
68,22,36,69
65,25,36,69
67,22,36,69
67,25,36,69
65,27,36,69
68,27,38,69
68,25,36,69
67,24,36,69
67,27,36,69
65,21,38,69
65,24,36,69
64,24,36,69
65,22,36,69
68,28,38,69
68,27,36,69
67,24,41,69
67,25,42,69
67,27,41,69
67,25,41,69
68,25,41,69
68,27,41,69
67,24,41,69
67,27,41,69
67,25,41,69
68,25,41,69
62,25,39,69
65,25,39,69
65,27,39,69
68,27,41,69
62,27,39,69
64,28,39,69
70,25,39,69
64,27,39,69
67,24,39,69
68,22,39,69
67,28,39,69
68,24,39,69
64,25,39,69
67,25,39,69
65,28,39,69
68,25,39,69
67,21,39,69
65,24,39,69
67,22,39,69
67,27,39,69
68,28,39,69
68,27,39,69
26,34,38,70
26,28,38,70
26,33,38,70
27,25,38,70
26,30,38,70
26,30,36,70
27,27,34,70
24,30,38,70
27,27,38,70
24,28,38,70
27,28,34,70
26,28,36,70
26,27,38,70
26,31,38,70
24,27,38,70
27,24,38,70
26,28,34,70
27,27,36,70
26,25,38,70
27,25,36,70
26,24,38,70
24,28,36,70
26,27,34,70
26,24,36,70
24,27,34,70
24,25,38,70
26,27,36,70
26,25,34,70
24,27,36,70
24,25,34,70
26,25,36,70
26,28,33,70
26,27,33,70
24,27,33,70
24,25,36,70
26,27,31,70
24,27,31,70
26,28,31,70
29,27,41,70
27,27,41,70
26,27,41,70
27,27,42,70
26,27,42,70
29,27,41,70
26,28,39,70
26,30,39,70
27,27,39,70
29,25,39,70
26,31,39,70
27,27,41,70
27,25,39,70
26,27,39,70
26,27,41,70
24,27,39,70
27,25,41,70
27,24,39,70
26,25,41,70
26,25,39,70
26,24,39,70
24,25,39,70
62,43,16,71
62,43,18,71
62,45,18,71
64,43,18,71
61,43,21,71
58,45,22,71
59,46,21,71
62,43,19,71
62,45,19,71
61,46,27,71
59,46,27,71
59,43,22,71
61,45,27,71
61,45,21,71
62,43,21,71
59,45,27,71
62,46,25,71
62,45,21,71
62,46,24,71
61,46,21,71
59,45,22,71
61,46,25,71
61,43,22,71
62,45,25,71
58,46,22,71
62,43,22,71
58,45,24,71
62,45,24,71
59,46,25,71
62,45,22,71
58,46,24,71
62,43,24,71
61,45,22,71
59,46,22,71
61,45,25,71
59,45,25,71
62,43,25,71
59,43,24,71
61,46,24,71
61,46,22,71
59,45,24,71
59,46,24,71
61,43,24,71
61,45,24,71
61,43,25,71
26,33,63,72
24,37,65,72
27,31,63,72
24,34,63,72
29,34,66,72
29,33,65,72
27,36,66,72
26,34,62,72
29,37,65,72
27,34,65,72
27,33,63,72
27,33,62,72
29,36,65,72
29,34,65,72
29,31,65,72
27,37,65,72
26,34,63,72
27,36,65,72
26,37,65,72
27,34,63,72
26,36,63,72
26,36,65,72
27,36,63,72
27,34,62,72
33,43,18,73
35,43,18,73
33,48,16,73
35,49,16,73
35,48,16,73
33,46,16,73
35,51,16,73
33,48,16,73
33,49,16,73
58,40,53,74
56,42,57,74
58,46,57,74
56,42,59,74
58,43,60,74
58,39,53,74
58,45,57,74
56,39,60,74
58,46,59,74
58,40,54,74
56,40,60,74
58,39,63,74
58,42,60,74
56,40,56,74
58,42,59,74
59,43,59,74
58,43,59,74
56,40,57,74
58,40,62,74
59,42,60,74
61,40,63,74
58,39,54,74
58,39,56,74
56,40,59,74
58,42,57,74
59,40,62,74
56,39,59,74
58,40,56,74
58,39,62,74
58,39,57,74
58,37,62,74
59,42,59,74
58,40,57,74
59,39,63,74
59,37,59,74
59,40,60,74
59,39,59,74
58,37,60,74
58,40,60,74
58,37,59,74
62,40,59,74
59,40,59,74
58,40,59,74
61,40,60,74
58,39,60,74
58,43,57,74
58,39,59,74
61,40,62,74
61,40,59,74
59,39,57,74
62,39,59,74
59,39,60,74
59,40,57,74
61,39,59,74
59,39,62,74
59,36,54,75
55,37,56,75
55,39,56,75
53,34,56,75
55,37,57,75
55,39,57,75
55,37,60,75
55,36,54,75
56,37,54,75
56,39,54,75
58,37,53,75
56,37,56,75
55,36,56,75
58,36,53,75
59,36,56,75
58,36,54,75
56,37,62,75
59,36,57,75
55,37,59,75
58,36,56,75
55,36,57,75
56,39,56,75
59,37,56,75
55,36,59,75
55,36,60,75
53,34,57,75
56,36,53,75
58,37,54,75
56,36,62,75
58,36,57,75
56,37,57,75
58,37,56,75
56,36,56,75
56,36,54,75
55,34,54,75
56,36,60,75
53,34,59,75
56,39,57,75
58,36,59,75
59,37,57,75
55,34,56,75
56,37,60,75
53,33,56,75
58,36,60,75
56,36,57,75
55,34,57,75
53,33,57,75
56,34,60,75
56,36,59,75
58,37,57,75
56,37,59,75
56,34,56,75
58,34,56,75
55,34,59,75
58,34,57,75
55,33,57,75
58,34,54,75
56,34,54,75
58,33,57,75
56,34,57,75
55,33,56,75
56,34,59,75
56,33,57,75
56,33,59,75
58,31,57,75
58,33,56,75
56,31,57,75
56,33,56,75
67,30,26,76
68,28,27,76
65,30,26,76
65,28,26,76
67,28,27,76
67,30,27,76
65,31,26,76
65,24,27,76
70,28,30,76
67,25,27,76
64,30,26,76
65,30,27,76
65,31,30,76
65,31,28,76
65,31,27,76
64,30,28,76
64,27,26,76
65,28,27,76
64,28,27,76
64,27,27,76
64,28,26,76
64,28,28,76
65,25,27,76
68,27,28,76
65,30,28,76
65,25,28,76
68,28,30,76
68,28,28,76
64,25,28,76
64,31,28,76
65,30,30,76
65,24,28,76
67,30,30,76
67,28,28,76
67,25,28,76
65,28,28,76
67,27,28,76
67,30,28,76
65,28,30,76
68,27,30,76
64,30,27,76
64,27,28,76
65,27,27,76
65,25,30,76
67,27,30,76
65,27,30,76
67,28,30,76
65,27,28,76
18,33,30,77
18,36,30,77
18,34,30,77
18,37,28,77
18,36,28,77
18,33,28,77
18,34,28,77
18,33,27,77
20,37,28,77
20,34,31,77
20,34,26,77
20,36,30,77
20,37,26,77
20,33,31,77
18,31,30,77
20,37,27,77
20,34,30,77
20,36,28,77
20,36,26,77
20,36,27,77
20,31,30,77
20,33,30,77
21,37,28,77
21,34,26,77
20,33,27,77
21,34,30,77
20,34,28,77
21,36,26,77
21,36,28,77
20,33,28,77
20,34,27,77
21,36,27,77
21,34,27,77
21,34,28,77
71,36,28,78
70,37,30,78
71,33,30,78
68,36,33,78
70,36,30,78
68,37,33,78
70,39,28,78
71,31,30,78
68,40,30,78
68,39,31,78
70,34,30,78
70,37,28,78
68,34,33,78
70,33,31,78
68,34,31,78
68,36,31,78
71,34,28,78
68,39,30,78
70,36,28,78
68,40,27,78
68,30,26,78
70,37,27,78
71,33,28,78
68,30,27,78
70,33,30,78
68,37,31,78
68,40,28,78
68,33,31,78
68,37,30,78
70,31,27,78
70,33,27,78
68,39,28,78
68,37,28,78
70,34,28,78
67,39,30,78
70,33,28,78
70,31,30,78
68,39,27,78
67,37,30,78
70,34,27,78
68,36,30,78
70,30,28,78
67,34,26,78
67,36,30,78
68,36,28,78
68,34,30,78
70,31,28,78
65,36,26,78
68,34,26,78
67,39,28,78
68,37,27,78
65,37,28,78
70,30,30,78
65,33,28,78
67,31,26,78
68,33,30,78
68,30,28,78
68,36,27,78
67,36,28,78
67,33,30,78
67,31,27,78
67,31,28,78
67,34,30,78
67,37,28,78
67,34,28,78
68,31,26,78
67,33,26,78
67,36,26,78
67,33,28,78
68,33,26,78
68,34,28,78
65,36,27,78
68,31,30,78
65,36,28,78
68,33,27,78
67,34,27,78
65,34,28,78
68,34,27,78
67,36,27,78
67,37,26,78
68,31,27,78
68,33,28,78
68,31,28,78
67,37,27,78
68,30,30,78
65,34,26,78
67,33,27,78
68,36,26,78
65,34,27,78
65,33,27,78
65,33,26,78
27,31,34,79
27,30,34,79
26,33,34,79
26,34,36,79
26,30,34,79
26,34,34,79
26,31,34,79
26,31,33,79
24,30,34,79
26,31,36,79
26,33,36,79
24,31,38,79
24,34,36,79
24,30,36,79
24,30,33,79
23,31,34,79
24,33,36,79
23,33,34,79
24,28,34,79
26,30,33,79
23,31,36,79
24,31,33,79
23,31,38,79
23,33,36,79
24,31,36,79
26,31,31,79
24,34,34,79
23,31,33,79
24,33,34,79
24,33,33,79
24,31,34,79
24,30,31,79
24,31,31,79
24,33,31,79
24,28,33,79
24,28,31,79
62,22,38,80
64,21,38,80
62,21,38,80
59,21,38,80
61,21,38,80
62,24,41,80
67,21,41,80
61,24,41,80
62,21,48,80
62,22,41,80
62,21,47,80
65,19,41,80
65,21,41,80
61,21,44,80
59,21,42,80
61,21,42,80
62,19,42,80
62,21,45,80
62,21,42,80
64,21,41,80
59,22,41,80
61,22,41,80
62,18,44,80
62,19,45,80
61,19,42,80
62,21,44,80
61,19,44,80
62,19,44,80
59,21,41,80
61,21,41,80
62,21,41,80
62,19,41,80
61,19,41,80
64,19,41,80
62,18,42,80
62,18,41,80
64,18,41,80
62,24,41,80
67,21,41,80
62,24,39,80
61,24,39,80
61,24,41,80
62,22,41,80
65,19,41,80
65,21,41,80
62,22,39,80
64,21,41,80
59,22,41,80
61,22,41,80
61,22,39,80
59,22,39,80
65,21,39,80
59,21,41,80
61,21,41,80
62,21,41,80
65,19,39,80
62,19,41,80
61,19,41,80
64,21,39,80
64,19,41,80
62,18,41,80
64,18,41,80
62,21,39,80
62,19,39,80
61,21,39,80
64,19,39,80
59,21,39,80
61,19,39,80
61,18,41,80
52,13,38,81
52,15,34,81
53,16,36,81
52,12,38,81
52,13,36,81
53,16,34,81
53,15,36,81
53,13,38,81
52,12,36,81
52,13,34,81
53,15,34,81
52,12,34,81
53,13,36,81
53,12,36,81
53,15,33,81
53,13,34,81
53,12,34,81
55,13,36,81
53,13,33,81
53,13,31,81
55,15,34,81
55,13,34,81
56,13,34,81
55,15,33,81
55,13,33,81
56,13,33,81
55,13,31,81
53,13,39,81
65,37,57,82
67,39,63,82
65,37,59,82
65,37,60,82
65,42,62,82
67,42,63,82
64,43,60,82
64,42,62,82
64,40,63,82
62,42,60,82
65,39,60,82
65,40,63,82
67,40,62,82
65,40,62,82
65,39,56,82
62,40,63,82
65,39,59,82
67,43,60,82
62,40,62,82
67,42,62,82
65,43,60,82
65,39,62,82
65,40,60,82
65,39,57,82
64,42,60,82
64,40,60,82
67,40,60,82
64,39,57,82
67,40,57,82
64,39,59,82
65,40,59,82
64,40,62,82
68,42,60,82
67,42,57,82
64,40,59,82
65,42,57,82
65,42,60,82
64,43,59,82
67,42,60,82
62,40,60,82
65,42,59,82
64,39,60,82
65,43,59,82
64,42,59,82
65,40,57,82
65,43,57,82
65,40,56,82
64,39,62,82
64,40,57,82
67,42,59,82
67,40,59,82
62,39,60,82
62,39,62,82
32,25,34,83
30,28,34,83
29,28,34,83
29,25,34,83
29,27,34,83
29,25,36,83
33,25,33,83
32,27,33,83
29,27,31,83
32,24,33,83
29,27,33,83
29,28,33,83
32,25,33,83
27,25,34,83
30,25,33,83
30,24,33,83
32,25,31,83
29,25,33,83
30,28,33,83
30,27,33,83
27,28,33,83
30,27,31,83
29,24,33,83
27,27,33,83
30,25,30,83
27,27,31,83
27,25,33,83
29,25,31,83
30,25,31,83
29,24,31,83
27,24,33,83
29,25,30,83
30,24,31,83
23,25,33,83
24,25,33,83
27,25,31,83
26,25,33,83
32,33,50,84
32,34,51,84
33,30,51,84
29,25,53,84
32,31,50,84
33,28,53,84
32,36,53,84
32,24,53,84
33,27,54,84
33,30,53,84
29,27,53,84
33,28,54,84
32,33,51,84
32,34,53,84
32,25,51,84
33,28,56,84
32,31,51,84
32,25,53,84
32,30,50,84
32,27,50,84
32,28,50,84
29,28,53,84
30,25,53,84
32,30,51,84
32,33,53,84
32,27,51,84
32,28,51,84
30,30,51,84
30,27,53,84
30,28,56,84
30,27,51,84
32,30,53,84
30,28,51,84
32,27,53,84
32,31,53,84
30,27,54,84
32,30,54,84
30,30,53,84
32,30,56,84
30,28,53,84
32,28,56,84
30,28,54,84
32,28,53,84
32,27,54,84
32,28,54,84
38,31,57,85
33,34,51,85
33,36,54,85
33,33,51,85
33,31,51,85
35,30,56,85
33,34,53,85
35,34,57,85
35,34,59,85
33,36,56,85
35,31,59,85
33,36,57,85
35,30,57,85
35,31,56,85
33,34,54,85
33,33,53,85
35,33,60,85
35,33,56,85
35,33,59,85
33,36,59,85
35,31,57,85
35,33,57,85
32,36,54,85
33,31,53,85
33,34,56,85
32,34,54,85
33,34,59,85
33,34,57,85
33,33,54,85
33,30,54,85
30,33,57,85
33,33,60,85
30,33,56,85
32,34,56,85
33,30,56,85
32,36,56,85
30,34,56,85
32,33,57,85
33,31,59,85
32,33,59,85
33,33,56,85
32,33,56,85
33,31,54,85
33,30,57,85
32,33,54,85
33,33,59,85
33,31,56,85
33,33,57,85
32,34,57,85
32,31,57,85
33,31,57,85
32,31,56,85
56,30,30,86
56,30,31,86
56,31,30,86
58,39,31,86
58,37,31,86
58,33,33,86
61,37,33,86
58,36,31,86
59,37,33,86
59,39,33,86
56,34,28,86
56,36,28,86
58,34,31,86
59,36,33,86
61,36,33,86
58,31,33,86
56,37,28,86
58,33,31,86
58,30,33,86
61,34,33,86
59,39,31,86
59,37,31,86
58,39,30,86
59,34,33,86
58,37,30,86
58,34,30,86
59,36,31,86
58,36,30,86
61,36,31,86
59,33,33,86
61,37,31,86
58,31,31,86
58,34,28,86
61,34,31,86
59,34,31,86
59,37,30,86
58,33,30,86
59,36,30,86
59,31,33,86
58,30,30,86
59,34,30,86
58,30,31,86
58,31,30,86
61,34,30,86
58,36,28,86
59,33,31,86
58,37,28,86
61,36,30,86
59,31,31,86
64,24,34,87
70,24,34,87
64,24,33,87
67,21,34,87
64,25,34,87
68,22,34,87
65,24,34,87
70,25,34,87
67,21,33,87
65,21,34,87
65,25,34,87
70,25,33,87
65,19,33,87
65,22,34,87
65,24,33,87
67,25,34,87
65,21,33,87
65,22,33,87
67,21,31,87
68,24,34,87
64,25,33,87
67,27,34,87
67,22,33,87
67,24,28,87
67,22,34,87
65,27,34,87
68,25,34,87
67,24,34,87
70,27,33,87
67,22,31,87
68,24,31,87
65,24,31,87
68,27,34,87
68,24,33,87
65,22,31,87
64,24,31,87
67,24,31,87
67,24,33,87
68,28,33,87
68,25,33,87
67,22,30,87
65,21,31,87
68,25,30,87
65,25,33,87
68,25,31,87
65,25,31,87
68,27,33,87
65,24,30,87
68,27,31,87
65,22,30,87
67,24,30,87
67,25,31,87
67,25,33,87
67,27,31,87
67,25,30,87
67,28,33,87
67,27,33,87
65,27,33,87
27,31,45,88
32,28,47,88
33,27,48,88
27,28,50,88
27,30,48,88
30,31,48,88
30,30,47,88
29,31,47,88
30,28,44,88
26,28,47,88
26,25,48,88
27,30,44,88
32,30,48,88
27,25,51,88
26,30,45,88
29,31,48,88
27,30,45,88
29,30,45,88
29,31,50,88
32,27,48,88
27,30,47,88
30,28,45,88
29,27,51,88
32,28,48,88
30,31,50,88
26,27,47,88
29,28,50,88
30,28,47,88
27,28,48,88
29,28,42,88
27,27,50,88
29,28,51,88
29,25,51,88
29,27,50,88
30,30,48,88
30,27,48,88
29,30,50,88
29,30,47,88
30,28,48,88
29,28,48,88
27,25,50,88
29,28,44,88
29,30,48,88
27,28,44,88
26,28,45,88
27,28,47,88
27,28,45,88
29,28,45,88
29,27,48,88
27,25,48,88
29,28,47,88
29,25,50,88
27,27,48,88
30,27,50,88
30,28,50,88
30,30,50,88
27,27,47,88
29,27,47,88
29,25,48,88
29,27,45,88
27,27,45,88
33,30,33,89
33,28,33,89
33,31,33,89
33,28,31,89
33,28,30,89
33,30,30,89
33,30,31,89
33,30,28,89
30,30,34,89
29,30,34,89
33,31,31,89
33,31,30,89
33,27,31,89
32,30,33,89
32,28,33,89
33,27,33,89
32,27,30,89
32,27,31,89
32,28,31,89
32,30,31,89
32,28,30,89
29,30,33,89
30,30,33,89
32,31,31,89
32,30,30,89
32,30,28,89
27,30,33,89
30,28,31,89
32,31,30,89
30,30,31,89
30,30,30,89
27,30,31,89
29,30,31,89
26,30,31,89
49,43,71,90
49,46,74,90
50,45,74,90
49,45,74,90
53,31,66,90
49,43,72,90
55,34,68,90
55,33,66,90
56,36,69,90
56,33,66,90
56,36,68,90
56,34,65,90
56,34,68,90
56,36,66,90
59,37,68,90
58,37,65,90
56,31,66,90
55,31,66,90
49,43,74,90
55,34,63,90
53,33,68,90
59,37,66,90
55,33,68,90
58,36,68,90
55,34,69,90
56,36,63,90
56,33,68,90
58,36,69,90
58,34,68,90
59,34,68,90
58,33,66,90
56,33,65,90
61,31,65,90
56,34,66,90
59,36,68,90
58,36,66,90
58,34,62,90
58,34,66,90
56,34,63,90
56,34,62,90
58,30,65,90
61,36,68,90
56,31,65,90
58,37,63,90
58,34,63,90
58,36,65,90
58,36,62,90
58,36,63,90
58,31,66,90
59,31,63,90
58,33,62,90
58,34,65,90
59,33,63,90
61,33,65,90
58,33,65,90
59,34,66,90
61,34,66,90
58,33,63,90
56,33,63,90
59,34,63,90
58,31,65,90
59,36,66,90
61,34,65,90
58,31,63,90
59,33,66,90
59,31,65,90
59,36,63,90
62,34,66,90
59,33,65,90
59,34,65,90
59,36,65,90
61,36,66,90
64,47,51,91
64,46,51,91
64,47,53,91
64,47,57,91
62,47,56,91
64,47,54,91
65,42,54,91
64,43,53,91
64,47,56,91
65,47,57,91
62,45,53,91
62,47,57,91
68,45,54,91
65,47,53,91
67,46,53,91
68,46,54,91
62,46,57,91
68,47,54,91
67,47,54,91
61,46,54,91
65,47,56,91
67,47,56,91
64,46,53,91
64,46,57,91
65,43,54,91
65,47,54,91
62,46,56,91
65,45,53,91
67,43,54,91
62,46,53,91
62,46,54,91
65,43,56,91
67,43,56,91
65,46,53,91
65,46,57,91
65,45,56,91
64,43,54,91
64,45,53,91
64,46,54,91
67,45,56,91
67,45,54,91
67,46,56,91
65,45,54,91
64,45,57,91
67,46,54,91
65,46,56,91
65,45,57,91
64,46,56,91
65,46,54,91
62,45,54,91
64,45,56,91
64,45,54,91
62,33,63,92
62,33,62,92
61,33,54,92
61,30,57,92
61,36,57,92
61,30,60,92
61,30,63,92
61,31,56,92
61,30,59,92
61,33,56,92
61,33,57,92
61,31,62,92
59,34,54,92
61,33,59,92
59,33,59,92
62,34,60,92
59,33,60,92
61,31,63,92
61,31,57,92
61,34,59,92
61,36,59,92
59,34,56,92
59,34,57,92
59,36,59,92
61,37,57,92
59,34,59,92
62,37,57,92
61,31,59,92
61,33,62,92
62,34,63,92
62,34,62,92
58,34,60,92
59,33,62,92
61,33,60,92
59,30,57,92
59,33,57,92
61,33,63,92
61,31,60,92
59,34,60,92
59,31,59,92
62,36,60,92
59,30,59,92
59,31,62,92
58,34,59,92
59,36,60,92
59,31,57,92
61,34,60,92
62,37,59,92
59,31,60,92
59,34,62,92
61,34,62,92
61,34,63,92
59,33,56,92
59,36,62,92
61,37,59,92
59,37,60,92
62,37,60,92
58,33,60,92
61,36,60,92
58,33,59,92
61,39,60,92
61,36,63,92
59,37,62,92
58,31,59,92
62,36,62,92
61,37,60,92
61,36,62,92
61,39,62,92
61,37,62,92
20,39,59,93
20,39,57,93
21,39,60,93
23,39,59,93
12,47,47,93
20,46,62,93
21,40,57,93
18,40,57,93
21,40,59,93
21,45,63,93
24,46,56,93
21,40,62,93
21,40,60,93
23,46,56,93
23,45,56,93
23,42,57,93
14,47,47,93
20,40,57,93
24,42,56,93
20,45,62,93
20,40,60,93
17,46,45,93
24,42,57,93
21,46,56,93
23,42,65,93
18,40,59,93
23,40,62,93
20,46,60,93
24,40,57,93
21,46,62,93
21,43,56,93
26,43,59,93
21,45,56,93
21,47,56,93
20,45,60,93
20,43,62,93
15,46,47,93
27,43,56,93
24,45,56,93
23,40,63,93
20,42,62,93
20,43,57,93
20,40,59,93
18,42,57,93
23,40,59,93
24,43,62,93
21,46,57,93
26,42,56,93
26,45,56,93
21,47,54,93
24,42,59,93
21,47,59,93
26,43,57,93
21,43,57,93
24,43,56,93
21,47,57,93
23,42,59,93
26,43,60,93
17,46,47,93
23,40,60,93
24,43,59,93
23,46,57,93
26,42,57,93
18,42,59,93
23,46,60,93
23,42,63,93
23,42,62,93
26,43,56,93
21,43,62,93
21,42,57,93
26,43,54,93
21,42,62,93
23,43,57,93
21,42,59,93
21,46,59,93
24,42,62,93
23,43,62,93
20,42,60,93
24,43,57,93
21,45,62,93
21,45,57,93
24,45,59,93
23,46,59,93
23,42,60,93
20,42,59,93
21,42,60,93
26,42,54,93
21,43,60,93
21,43,63,93
24,40,59,93
20,43,60,93
23,43,60,93
20,42,57,93
27,43,54,93
24,43,60,93
20,43,59,93
24,45,57,93
23,43,59,93
21,43,59,93
23,45,60,93
24,42,60,93
26,42,59,93
23,45,57,93
21,45,59,93
21,46,60,93
21,45,60,93
23,45,59,93
35,37,26,94
35,37,27,94
32,43,31,94
35,39,27,94
33,37,26,94
35,39,28,94
35,40,26,94
35,40,28,94
35,40,27,94
35,42,28,94
33,39,26,94
32,39,31,94
32,42,31,94
32,40,31,94
32,43,30,94
33,40,26,94
33,37,27,94
35,42,26,94
33,39,30,94
35,42,27,94
33,42,30,94
33,39,27,94
33,40,30,94
32,37,26,94
33,37,28,94
33,42,26,94
32,43,28,94
33,39,28,94
30,40,28,94
33,40,27,94
32,42,30,94
32,39,26,94
30,42,28,94
30,39,28,94
32,37,27,94
33,42,28,94
33,40,28,94
32,39,30,94
32,40,30,94
32,39,27,94
33,42,27,94
32,40,28,94
32,42,28,94
32,40,27,94
32,40,26,94
32,39,28,94
30,37,26,94
32,42,26,94
32,42,27,94
30,40,27,94
32,43,27,94
29,40,27,94
32,37,28,94
29,39,26,94
30,42,27,94
30,39,26,94
29,39,27,94
29,40,26,94
30,42,26,94
30,39,27,94
30,40,26,94
30,37,27,94
20,28,38,95
21,25,38,95
21,28,38,95
23,28,38,95
23,27,38,95
20,27,38,95
21,27,38,95
21,25,36,95
23,25,38,95
21,27,36,95
23,24,38,95
23,27,36,95
23,25,36,95
23,24,36,95
20,27,41,95
21,28,39,95
20,28,39,95
21,25,39,95
21,25,41,95
23,27,39,95
21,27,39,95
20,27,39,95
21,27,41,95
23,24,39,95
23,25,39,95
56,45,16,96
56,43,16,96
55,45,24,96
55,45,16,96
56,45,16,96
55,46,24,96
56,36,26,96
56,46,16,96
55,46,16,96
55,43,25,96
55,42,26,96
55,40,27,96
56,37,26,96
58,42,30,96
56,43,24,96
56,40,30,96
56,43,28,96
56,45,27,96
55,45,25,96
56,46,27,96
56,48,25,96
56,46,22,96
56,39,26,96
56,43,27,96
56,45,24,96
56,42,28,96
56,43,25,96
56,46,25,96
58,45,27,96
56,45,25,96
58,43,28,96
56,40,28,96
56,40,26,96
56,42,27,96
56,42,26,96
56,46,24,96
58,42,28,96
58,48,27,96
58,43,24,96
58,46,27,96
56,40,27,96
59,43,27,96
58,45,25,96
58,40,26,96
58,43,27,96
58,46,25,96
58,43,25,96
58,42,26,96
58,42,27,96
59,43,25,96
59,42,26,96
49,13,34,97
50,15,34,97
50,13,36,97
50,12,38,97
50,12,36,97
49,15,33,97
50,13,34,97
50,12,34,97
50,15,33,97
49,13,33,97
49,15,31,97
49,13,31,97
50,13,33,97
50,15,31,97
49,13,30,97
52,15,33,97
50,13,31,97
52,13,33,97
50,13,30,97
52,13,31,97
35,42,57,98
29,43,54,98
32,42,56,98
30,42,54,98
29,42,53,98
30,39,53,98
32,40,57,98
29,40,53,98
27,42,53,98
30,40,54,98
32,39,54,98
30,37,53,98
33,39,57,98
30,42,60,98
27,39,56,98
33,39,59,98
27,40,54,98
32,40,59,98
29,39,54,98
30,42,56,98
29,42,54,98
27,42,56,98
30,42,57,98
30,40,62,98
32,39,62,98
29,42,56,98
29,39,56,98
27,42,54,98
33,37,57,98
32,37,54,98
27,39,57,98
30,39,54,98
29,42,57,98
26,40,56,98
29,40,54,98
30,40,56,98
32,39,56,98
27,42,57,98
27,40,56,98
32,39,57,98
29,40,56,98
26,40,57,98
29,37,56,98
30,42,59,98
33,37,59,98
29,40,57,98
30,39,62,98
30,40,57,98
29,39,57,98
30,37,54,98
32,37,56,98
30,39,56,98
27,40,57,98
32,39,60,98
29,42,59,98
29,37,57,98
32,37,57,98
32,39,59,98
29,40,59,98
30,39,60,98
29,36,57,98
29,39,59,98
30,36,56,98
30,40,59,98
30,40,60,98
30,39,57,98
30,36,57,98
32,37,59,98
30,37,57,98
30,37,56,98
32,36,59,98
30,39,59,98
30,36,59,98
30,34,57,98
30,37,59,98
32,36,57,98
35,15,44,99
35,16,41,99
35,15,42,99
35,18,41,99
33,18,44,99
33,21,45,99
33,19,44,99
33,16,44,99
35,15,41,99
33,21,44,99
35,19,41,99
33,21,42,99
32,19,45,99
33,21,41,99
33,19,42,99
33,19,41,99
32,18,45,99
33,16,42,99
33,16,41,99
33,18,42,99
32,19,44,99
32,18,44,99
33,18,41,99
33,15,41,99
32,19,41,99
32,16,42,99
32,18,42,99
32,19,42,99
32,18,41,99
32,16,41,99
30,18,44,99
29,18,41,99
30,18,42,99
29,18,42,99
30,18,41,99
35,18,41,99
35,19,41,99
33,21,41,99
33,19,41,99
33,21,39,99
33,16,41,99
33,18,41,99
33,19,39,99
33,15,41,99
33,18,39,99
32,19,41,99
32,18,41,99
32,16,41,99
32,19,39,99
32,18,39,99
29,18,41,99
30,18,41,99
30,18,39,99
29,18,39,99
33,43,19,100
35,43,21,100
33,43,22,100
33,43,21,100
32,43,21,100
32,45,30,100
32,45,21,100
33,45,22,100
35,45,28,100
35,43,24,100
33,43,30,100
32,46,21,100
35,43,28,100
33,46,28,100
35,46,27,100
35,48,24,100
35,48,25,100
33,46,22,100
35,45,24,100
33,45,28,100
32,45,28,100
33,43,24,100
32,43,22,100
33,48,25,100
30,45,21,100
35,46,25,100
32,46,22,100
35,43,27,100
33,48,22,100
33,43,28,100
35,45,27,100
33,46,27,100
30,43,22,100
35,46,24,100
35,43,25,100
33,46,25,100
33,48,24,100
33,46,24,100
32,46,25,100
32,43,24,100
32,45,27,100
35,45,25,100
30,45,22,100
33,45,24,100
32,45,22,100
33,45,27,100
32,43,25,100
33,43,25,100
33,43,27,100
32,46,24,100
32,45,24,100
33,45,25,100
30,43,24,100
29,45,22,100
30,45,25,100
29,45,24,100
32,45,25,100
30,45,24,100
